,,Trait,TRAIT2,,,A,C,E,N,O
,,,,,,1,2,3,4,5
Abrasive,,A,,,abrasive,-0.35,0.01,-0.04,0.01,0.03
Abrupt,,A,,,abrupt,-0.45,-0.01,-0.08,-0.04,-0.19
Absent-minded,,C,,,absent_m,0.12,-0.35,-0.05,-0.2,0.02
Abstinent,,C,,,abstinen,0.03,0.24,0.07,-0.05,0.1
Abstract,,,,,abstract,-0.04,-0.26,0.12,-0.13,-0.26
Abusive,,A,,,abusive,-0.37,-0.05,0.11,0.06,0.04
Acceptant,,,,,acceptan,0.16,-0.02,-0.11,-0.11,0.23
Accessible,,,,,accessib,0.2,0.05,-0.17,0.01,0
Accommodating,,A,,,accommod,0.33,0.12,-0.1,0.02,0.16
Accomplished,,C,,,accompli,-0.06,0.4,-0.11,0.15,0.03
Accurate,,C,,,accurate,0.06,0.41,0.06,0.17,-0.09
Acid,,,,,acid,-0.25,-0.03,0.18,0.07,-0.14
Acquiescent,,,,,acquiesc,0.19,0.11,0.06,-0.12,0.21
Acquisitive,,,,,acquisit,-0.05,0.22,0.01,-0.04,0.14
Active,,E,,,active,0.06,0.17,-0.34,0.25,0
Adaptable,,A,,,adaptabl,0.3,0.16,-0.06,0.05,0.07
Adaptive,,,,,adaptive,0.21,0.15,-0.16,0.05,0.08
Adjustable,,,,,adjustab,0.27,0.09,0.01,0.07,0.05
Adulterous,,,,,adultero,-0.17,-0.14,0.04,0.12,-0.06
Adventurous,,E,,,adventur,0.02,-0.04,-0.31,0.32,-0.1
Affable,,,,,affable,0.28,-0.04,-0.06,-0.01,0.06
Affected,,,,,affected,-0.24,0.14,-0.02,-0.05,0.28
Affectionate,,E,,,affectio,0.29,0.21,-0.31,-0.28,-0.05
Affirmative,,,,,affirmat,0.08,0.14,-0.11,0.11,0.02
Aggressive,,A,E,,aggressi,-0.37,0.07,-0.38,0.18,-0.21
Agitable,,,,,agitable,-0.27,0.01,-0.03,-0.26,-0.05
Agitative,,,,,agitativ,-0.28,-0.06,-0.1,-0.14,-0.02
Agreeable,,A,,,agreeabl,0.36,0.13,0.05,-0.02,0.22
Aimful,,C,,,aimful,-0.03,0.42,-0.1,-0.13,-0.11
Aimless,,C,,,aimless,0.14,-0.3,0.15,0.12,0.14
Alarmable,,N,,,alarmabl,-0.05,0.12,-0.19,-0.41,0.02
Alert,,C,,,alert,0.11,0.38,-0.11,0.12,-0.22
Aloof,,E,,,aloof,-0.06,0.04,0.3,-0.02,-0.09
Altruistic,,,,,altruist,0.2,0.13,-0.05,-0.09,-0.12
Ambitious,,C,,,ambitiou,0,0.35,-0.22,-0.07,-0.04
Amiable,,A,,,amiable,0.36,0.1,-0.2,-0.09,0.04
Amicable,,A,,,amicable,0.35,0.03,-0.05,-0.07,-0.01
Amorous,,,,,amorous,0.18,0.08,-0.19,-0.24,-0.1
Analytical,,O,,,analytic,-0.02,0.24,0.15,0.07,-0.31
Angelic,,O,,,angelic,0.09,0.33,-0.15,-0.15,0.16
Animated,,C,,,animated,0.2,-0.07,-0.22,-0.22,-0.17
Antagonistic,,A,,,antagoni,-0.49,0.01,-0.04,-0.02,-0.07
Anticipative,,,,,anticipa,-0.07,0.12,-0.1,-0.14,-0.13
Antisocial,,E,,,antisoci,-0.09,-0.16,0.5,0.07,-0.1
Anxious,,N,,,anxious,-0.1,0.01,0.05,-0.41,0.07
Apathetic,,,,,apatheti,-0.02,-0.07,0.18,0.03,0.26
Appreciative,,A,,,apprecia,0.37,0.17,-0.05,-0.22,-0.08
Approachable,,A,E,,approach,0.32,0.06,-0.29,0.09,-0.01
Arbitrary,,,,,arbitrar,-0.05,-0.06,-0.05,-0.04,0.09
Arbitrative,,,,,arbitrat,0.04,0.06,0.04,-0.02,-0.03
Argumentative,,A,,,argument,-0.39,-0.02,-0.03,0.01,-0.17
Aristocratic,,,,,aristocr,-0.13,0.26,-0.2,0.05,-0.01
Arrogant,,,,,arrogant,-0.23,0.05,-0.14,0.01,-0.03
Articulate,,,,,articula,0.01,0.2,-0.16,0.02,-0.16
Artistic,,,,,artistic,0.15,0.07,-0.03,-0.11,-0.14
Ascendant,,,,,ascendan,-0.18,0.15,-0.17,0.06,-0.2
Asocial,,,,,asocial,-0.04,0,0.18,0.12,0.12
Assertive,,E,,,assertiv,-0.15,0.09,-0.37,0.21,-0.19
Assured,,E,N,,assured,0.13,0.24,-0.38,0.31,-0.11
Astute,,O,,,astute,-0.05,0.18,0.02,0.21,-0.31
Audacious,,,,,audaciou,-0.22,0.01,-0.27,0.1,-0.19
Austere,,,,,austere,-0.24,0.25,0.06,0.09,0.03
Authoritative,,E,,,authorit,-0.27,0.21,-0.3,0.08,-0.12
Autocratic,,,,,autocrat,-0.24,0.18,-0.16,0.12,0.03
Autonomous,,,,,autonomo,0.02,0.01,0.19,0.07,-0.18
Aweless,,,,,aweless,0.11,-0.08,0.21,0.27,-0.04
Awkward,,N,,,awkward,0.01,-0.26,0.23,-0.3,-0.05
Balky,,,,,balky,-0.06,-0.2,0.13,-0.06,-0.07
Bashful,,E,,,bashful,-0.01,0.01,0.39,-0.1,0.1
Belligerent,,A,,,belliger,-0.46,-0.05,-0.05,0.12,-0.05
Bendable,,,,,bendable,0.13,-0.08,-0.09,-0.19,0.19
Beneficent,,,,,benefice,0.25,0.14,-0.2,-0.12,0.08
Benevolent,,,,,benevole,0.23,0.13,-0.06,-0.15,-0.02
Biased,,,,,biased,-0.21,0.05,-0.1,-0.07,0.23
Bigheaded,,E,,,big_mout,-0.27,-0.25,-0.43,-0.12,-0.07
Bighearted,,,,,bigheade,-0.28,-0.19,-0.22,0.01,0.04
Big-mouthed,,,,,bigheart,0.26,0.15,-0.21,-0.27,0.09
Bigoted,,,,,bigoted,-0.28,0.04,-0.13,0.05,0.2
Bitter,,A,,,bitter,-0.3,-0.06,0.28,-0.07,-0.06
Bland,,,,,bland,0.09,-0.04,0.24,-0.13,0.13
Blase,,,,,blase,-0.08,-0.08,0.13,0,0.05
Blasphemous,,,,,blasphem,-0.19,-0.29,0.1,0.08,-0.21
Blunt,,,,,blunt,-0.2,-0.08,-0.16,0.07,-0.2
Blunt-witted,,,,,blunt_wi,-0.11,-0.07,0.01,0.03,0.11
Blustery,,A,E,,blustery,-0.36,-0.12,-0.3,0.01,-0.04
Boastful,,A,,,boastful,-0.31,-0.15,-0.22,0.02,0.11
Boastless,,,,,boastles,0.24,0.15,0.21,0.11,0.07
Boisterous,,A,,,boistero,-0.35,-0.23,-0.42,0.05,-0.05
Bold,,E,,,bold,-0.19,0,-0.42,0.24,-0.18
Bookish,,,,,bookish,0.14,0.15,0.08,-0.13,-0.27
Boorish,,,,,boorish,-0.17,-0.08,0.13,0.07,0.08
Bossy,,A,,,bossy,-0.36,0.05,-0.21,-0.07,-0.11
Bountiful,,,,,bountifu,0.22,0.1,-0.21,-0.01,0.03
Boyish,,,,,boyish,-0.21,-0.25,-0.09,0.27,-0.03
Brainy,,,,,brainy,-0.01,0.21,0.14,0,-0.29
Brash,,,,,brash,-0.26,-0.22,-0.18,0.09,-0.09
Brave,,N,,,brave,0.11,0.21,-0.18,0.35,-0.13
Brawlsome,,A,,,brawlsom,-0.4,0.05,-0.09,0.18,0.02
Brazen,,,,,brazen,-0.24,-0.27,-0.15,0.15,-0.09
Breezy,,E,,,breezy,0.03,-0.18,-0.38,-0.03,0.08
Bright,,,,,bright,0.12,0.09,-0.19,0.14,-0.21
Brisk,,,,,brisk,-0.12,0.26,-0.28,0.1,-0.09
Bristly,,,,,bristly,-0.32,0.19,-0.01,-0.05,0.03
Broad-minded,,,,,broad_mi,0.27,-0.11,0.07,0.14,-0.24
Broad-spoken,,,,,broad_sp,-0.08,-0.04,-0.24,0.2,-0.22
Broody,,N,,,broody,-0.16,-0.05,0.2,-0.34,-0.14
Brusque,,A,,,brusque,-0.31,-0.05,0.01,0.06,-0.15
Brutal,,A,,,brutal,-0.39,-0.08,-0.02,0.22,0.03
Bubbly,,,,,bubbly,0.09,-0.08,-0.6,-0.2,0.12
Bullheaded,,,,,bullhead,-0.19,-0.07,-0.09,0.05,-0.06
Bullish,,,,,bullish,-0.22,-0.16,-0.15,0.12,0.05
Bullying,,,,,bullying,-0.28,-0.08,-0.18,0.01,0.04
Buoyant,,,,,buoyant,0.14,-0.01,-0.28,0.04,-0.12
Businesslike,,C,,,business,-0.17,0.45,0.09,0.08,0.01
Busyish,,C,,,busyish,0.05,0.32,-0.15,-0.09,0.08
Cagy,,,,,cagy,-0.23,0.12,-0.04,0.19,-0.1
Calculable,,,,,calculab,0.1,0.16,-0.05,0.02,0.03
Calculating,,,,,calculat,-0.27,0.17,0.07,0.14,0.03
Callous,,,,,callous,-0.27,-0.12,0.24,0.24,-0.02
Calm,,N,,,calm,0.22,0.21,0.17,0.36,0.17
Candid,,,,,candid,0.01,-0.07,-0.02,0.07,-0.1
Canny,,,,,canny,-0.07,0.14,-0.1,0.14,-0.13
Cantankerous,,A,,,cantanke,-0.37,-0.06,-0.03,-0.02,-0.07
Capable,,C,,,capable,0.12,0.36,-0.09,0.08,-0.05
Capricious,,,,,capricio,-0.11,-0.12,-0.22,-0.1,-0.11
Carefree,,E,,,carefree,0.17,-0.12,-0.34,0.21,0.18
Careful,,C,,,careful,0.11,0.37,0.2,-0.02,0.05
Careless,,C,,,careless,0.08,-0.42,-0.08,-0.01,0.08
Careworn,,,,,careworn,0.01,-0.04,0.25,-0.1,0.07
Casual,,,,,casual,0.12,-0.18,-0.17,0.26,0.08
Catty,,,,,catty,-0.25,0.07,-0.11,-0.07,0.05
Caustic,,A,,,caustic,-0.36,0.02,0.05,0.03,-0.08
Cautious,,C,,,cautious,0.05,0.4,0.2,-0.14,0.18
Cavalier,,,,,cavalier,-0.09,0.06,-0.18,0.2,-0.02
Censorial,,C,,,censoria,0.02,0.31,0,-0.11,0.21
Cerebral,,,,,cerebral,-0.01,0.19,0.09,0.02,-0.21
Ceremonious,,C,,,ceremoni,-0.08,0.31,-0.18,-0.18,0.12
Certain,,C,N,,certain,0.11,0.36,-0.19,0.3,0
Changeable,,,,,changeab,0,-0.19,-0.11,-0.25,-0.06
Changeless,,N,,,changele,-0.04,0.18,0.16,0.36,0.18
Charitable,,A,,,charitab,0.43,0.24,-0.14,-0.09,-0.03
Chaste,,,,,chaste,0.2,0.23,-0.02,-0.15,0.19
Chatty,,E,,,chatty,0.04,-0.07,-0.5,-0.21,0.02
Cheerful,,E,,,cheerful,0.31,0.18,-0.46,0.11,0.19
Cherubic,,,,,cherubic,-0.05,0.23,-0.29,-0.07,0.14
Chic,,C,,,chic,0.11,0.34,-0.25,-0.16,0.15
Childish,,,,,childish,-0.05,-0.28,-0.1,-0.19,0.16
Childlike,,,,,childlik,0.03,-0.25,-0.16,-0.17,-0.04
Chipper,,E,,,chipper,0.18,0.1,-0.43,0.02,0
Chitchatty,,E,,,chitchat,0,0.02,-0.47,-0.24,0.18
Chivalrous,,,,,chivalro,-0.1,0.17,-0.2,0.15,0.02
Choosy,,,,,choosy,-0.16,0.25,0.06,-0.11,-0.1
Circumspect,,C,,,circumsp,-0.03,0.32,0.11,0.06,-0.01
Civil,,A,,,civil,0.32,0.28,0,-0.08,-0.01
Civilized,,C,,,civilize,0.16,0.38,-0.05,0.03,0.19
Clairvoyant,,,,,clairvoy,-0.04,0.1,-0.2,-0.03,-0.07
Clannish,,,,,clannish,-0.05,0.05,-0.08,0.03,0.27
Clear-cut,,C,,,clear_cu,0.11,0.45,-0.05,0.22,0.03
Clear-headed,,C,E,,clear_he,0.12,0.43,-0.03,0.3,-0.13
Clear-sighted,,C,,,clear_si,0.11,0.4,0.02,0.2,-0.21
Clear-thinking,,C,N,,clear_th,0.1,0.42,-0.03,0.31,-0.19
Clever,,,,,clever,-0.07,0.22,-0.06,0.2,-0.19
Clingy,,,,,clingy,-0.15,-0.01,-0.05,-0.27,0.13
Cliquish,,,,,cliquish,-0.21,0.03,-0.02,-0.02,0.23
Closed-minded,,E,,,close_mo,0.22,0.08,0.4,0.09,0.06
Closefisted,,,,,closed_m,-0.18,0.05,0.12,0.06,0.31
Close-mouthed,,,,,closefis,-0.2,-0.06,0.13,0.12,0.03
Clownish,,E,C,,clownish,-0.28,-0.31,-0.42,0.06,0.02
Clumsy,,N,,,clumsy,0.02,-0.25,0.01,-0.31,0.04
Coarse,,A,,,coarse,-0.42,-0.22,0.06,0.15,0.08
Cocky,,A,,,cocky,-0.35,-0.08,-0.27,0.02,-0.16
Coercive,,,,,coercive,-0.22,0.02,-0.26,0.02,0.01
Coherent,,C,,,coherent,0.17,0.31,-0.05,0.19,-0.11
Cold,,E,,,cold,-0.26,-0.07,0.42,0.21,0.05
Coldhearted,,N,E,,cold_hea,-0.23,-0.05,0.32,0.35,0.07
Combative,,A,,,combativ,-0.4,0.05,-0.12,0.08,-0.07
Communicative,,E,,,communic,0.14,0.14,-0.5,0,-0.08
Companionable,,E,,,companio,0.22,0.19,-0.34,-0.05,0.09
Compassionless,,N,E,,compassi,0.37,0.2,-0.27,-0.22,-0.15
Compassionate,,A,,,compassl,-0.1,-0.15,0.33,0.38,0.14
Competitory,,,,,competit,-0.29,0.1,-0.19,0.22,0.06
Complacent,,O,,,complace,0.12,0.05,0.02,0.01,0.35
Complaining,,N,A,,complain,-0.31,-0.05,-0.08,-0.34,0.08
Complaisant,,,,,complais,0.22,0.05,0.09,-0.1,0.23
Complex,,O,,,complex,-0.06,-0.01,0.1,-0.08,-0.35
Compliant,,,,,complian,0.22,0.17,0.03,-0.09,0.25
Complicated,,O,,,complica,-0.13,-0.07,0.03,-0.14,-0.34
Complimentary,,E,,,complime,0.15,0.19,-0.3,-0.26,0.09
Compulsive,,,,,compulsi,-0.07,-0.14,-0.24,-0.15,-0.02
Comradely,,,,,comradel,0.14,0.04,-0.26,-0.15,0.07
Conceited,,,,,conceite,-0.23,-0.04,-0.08,0.02,-0.06
Conceitless,,,,,conceitl,0.19,0,0.04,0.09,0.15
Conciliatory,,A,,,concilia,0.31,0.13,-0.06,-0.07,0.07
Concise,,C,,,concise,-0.01,0.44,0.06,0.2,-0.09
Condescending,,,,,condesce,-0.17,0.19,-0.17,0.01,0.18
Confident,,N,E,,confiden,0.03,0.23,-0.36,0.37,-0.1
Confusable,,N,,,confusab,0.03,-0.2,-0.1,-0.43,0.24
Confused,,N,,,confused,-0.05,-0.29,0.07,-0.38,0.12
Congenial,,,,,congenia,0.26,0.08,-0.21,-0.02,0.11
Conscienceless,,N,,,conscie2,-0.01,-0.24,0.24,0.3,0.07
Conscientious,,C,,,conscien,0.21,0.4,-0.03,-0.05,-0.06
Conservative,,C,,,conserva,0.07,0.38,0.02,-0.08,0.3
Considerate,,A,,,consider,0.37,0.24,-0.04,-0.13,0.07
Consistent,,C,,,consiste,0.2,0.49,0.05,0.32,0.13
Consolatory,,,,,consolat,0.13,0.17,-0.15,-0.23,0.02
Constant,,C,,,constant,0.25,0.52,-0.01,0.26,0.06
Constrained,,,,,constrai,0.04,0.12,0.25,-0.05,0.19
Constructive,,C,,,construc,0.18,0.3,-0.12,0.24,-0.18
Contemplative,,O,,,contempl,0.16,0.04,0.15,-0.17,-0.3
Contented,,,,,contente,0.23,0.26,-0.23,0.15,0.24
Contradictious,,,,,contradc,-0.25,-0.12,0.07,-0.2,0.01
Contradictory,,,,,contradi,-0.21,-0.28,-0.09,-0.29,0.02
Contrary-minded,,,,,contrarm,-0.28,-0.11,0.05,-0.17,0.03
Contrary,,A,,,contrary,-0.37,-0.13,0.02,-0.13,-0.03
Controlled,,,,,controll,0.19,0.27,0.19,0.06,0.13
Conventional,,C,,,conventi,0.06,0.37,0.05,-0.02,0.34
Conversational,,E,,,conversa,0.1,0.08,-0.59,-0.11,0.02
Cool,,N,,,cool,-0.1,0.24,0.16,0.33,0.19
Coolheaded,,N,,,cool_hea,0.07,0.31,0.09,0.42,0.04
Cooperative,,A,,,cooperat,0.38,0.26,-0.03,0.02,0.2
Cordial,,,,,cordial,0.22,0.21,-0.16,-0.11,0.18
Corrective,,,,,correcti,-0.23,0.21,-0.15,0,0.03
Cosmopolitan,,,,,cosmopol,0.1,0.05,-0.07,0,-0.06
Counselable,,,,,counsela,0.21,0.14,-0.04,-0.04,0.08
Courageous,,N,,,courageo,0.01,0.18,-0.22,0.37,-0.08
Courteous,,A,C,,courteou,0.4,0.42,-0.04,-0.18,0.15
Courtly,,C,,,courtly,-0.13,0.31,-0.2,0.03,0.14
Covetous,,A,,,covetous,-0.33,-0.11,0.04,-0.11,0.05
Cowardly,,N,,,cowardly,0.08,-0.1,0.14,-0.46,0.2
Coy,,,,,coy,-0.12,0.05,0.01,-0.15,0.19
Crabby,,A,,,crabby,-0.36,-0.1,0,-0.24,-0.1
Crafty,,A,,,craft,-0.3,0.09,-0.1,0.19,0.09
Cranky,,A,,,cranky,-0.3,-0.07,0.06,-0.26,-0.18
Creative,,,,,creative,0.04,0.1,-0.11,0.03,-0.27
Credulous,,,,,credulou,-0.01,-0.13,-0.1,-0.15,0.09
Critical,,A,,,critical,-0.3,-0.01,0.09,-0.17,-0.19
Crotchety,,A,,,crotchet,-0.37,0.01,0.07,-0.18,-0.06
Cruel,,A,,,cruel,-0.38,-0.12,0.12,0.17,-0.02
Crusading,,E,,,crusadin,-0.15,0.17,-0.33,-0.05,-0.12
Cultivated,,,,,cultivat,0.06,0.24,-0.11,0.05,-0.04
Cultured,,,,,cultured,0.02,0.28,-0.12,0.05,-0.03
Cunning,,A,,,cunning,-0.37,0.19,-0.13,0.22,0.03
Curious,,,,,curious,0.06,0.1,-0.14,0.04,-0.27
Curt,,A,,,curt,-0.38,0.05,0.06,0.16,-0.04
Cynical,,A,,,cynical,-0.34,-0.07,0.28,0.15,-0.23
Dainty,,N,,,dainty,0.29,0.29,-0.09,-0.34,0.05
Dapper,,,,,dapper,0.01,0.3,-0.19,-0.02,0.16
Daring,,N,,,daring,-0.08,-0.05,-0.3,0.36,-0.11
Dauntless,,N,,,dauntles,-0.05,0.02,-0.13,0.39,-0.16
Debonair,,,,,debonair,-0.06,0.25,-0.22,0.12,0.06
Deceitful,,A,,,deceitfu,-0.33,-0.17,0.02,0.11,0.03
Deceivable,,N,,,deceivab,0.09,-0.16,-0.04,-0.32,0.02
Deceptive,,A,,,deceptiv,-0.33,-0.12,0.1,0.07,0.13
Decisive,,C,,,decisive,0,0.43,-0.04,0.21,-0.18
Dedicated,,C,,,dedicate,0.11,0.41,-0.22,0.04,-0.02
Deep,,,,,deep,0.01,0.16,0.01,-0.05,-0.28
Defensive,,,,,defensiv,-0.2,0.02,0.02,-0.2,-0.02
Defiant,,A,,,defiant,-0.37,-0.15,-0.08,0.02,-0.37
Definite,,C,,,definite,0.04,0.44,-0.15,0.21,-0.1
Deliberate,,C,,,delibera,-0.08,0.38,0.08,0.18,-0.07
Deliberative,,C,,,deliberv,-0.02,0.35,0.1,0.13,-0.1
Demanding,,A,,,demandin,-0.39,0.13,-0.12,-0.09,-0.21
Democratic,,,,,democrat,0.26,0.2,-0.02,-0.04,0.01
Demonstrative,,E,,,demonstr,0.01,0.01,-0.38,-0.06,-0.23
Demure,,C,,,demure,0.09,0.31,0.17,-0.03,0.22
Dependable,,C,,,dependab,0.18,0.34,0.08,-0.03,-0.05
Dependent,,,,,dependen,-0.01,0,-0.06,-0.27,0.22
Derisive,,A,,,derisive,-0.41,-0.05,-0.06,-0.03,0.03
Derogatory,,A,,,derogato,-0.43,-0.1,0.06,0,0.02
Designful,,,,,designfu,-0.19,0.08,-0.12,-0.02,0.09
Despondent,,N,,,desponde,-0.09,-0.02,0.26,-0.3,0.01
Destructive,,A,,,destruct,-0.37,-0.24,0,0.11,-0.06
Detached,,E,,,detached,0.03,-0.13,0.38,0.09,-0.01
Determined,,C,,,determin,0.03,0.43,-0.24,0.06,-0.15
Devilish,,A,E,,devil_ma,-0.16,-0.11,-0.23,0.24,0.02
Devil-may-care,,,,,devilish,-0.39,-0.21,-0.33,0.02,-0.06
Devious,,A,,,devious,-0.39,-0.2,-0.02,0.1,0.04
Devout,,,,,devout,0.01,0.35,-0.14,-0.07,0.22
Dictatorial,,A,,,dictator,-0.48,0.14,-0.08,0.01,-0.07
Dignified,,C,,,dignifie,0.03,0.49,-0.05,0.06,0.01
Digressive,,,,,digressi,0.07,-0.25,-0.04,-0.16,-0.11
Diligent,,C,,,diligent,0.16,0.48,0.02,-0.06,-0.1
Diplomatic,,,,,diplomat,0.15,0.25,-0.06,0.1,-0.16
Direct,,,,,direct,0,0.14,-0.19,0.16,-0.21
Discerning,,,,,discerni,0.21,0.05,0.09,-0.06,-0.32
Discourageable,,N,,,discoura,0.06,-0.05,0.16,-0.39,0.1
Discourteous,,C,,,discourt,-0.2,-0.4,0.12,0.17,-0.02
Discreet,,,,,discreet,0.25,0.28,0.27,-0.01,0.07
Discriminative,,,,,discrimi,-0.01,0.07,0.21,-0.01,-0.22
Disdainful,,A,,,disdainf,-0.36,0,0.12,0.07,-0.05
Disguiseless,,,,,disguise,0.2,0.06,-0.03,0.05,0.03
Dishonest,,,,,dishones,-0.17,-0.18,-0.02,0.06,0.08
Disobliging,,,,,disoblig,-0.09,-0.09,0.12,0.12,-0.09
Disorderly,,C,,,disorder,0.01,-0.48,-0.04,0.07,-0.03
Disorganized,,C,,,disorgan,0.1,-0.5,-0.01,-0.09,0.02
Dispassionate,,,,,dispassi,0.09,-0.09,0.25,0.27,0.08
Disregardful,,C,,,disregar,-0.11,-0.42,0.15,0.13,0
Disrespectful,,C,,,disrespe,-0.14,-0.43,0.09,0.17,-0.27
Disruptive,,C,,,disrupti,-0.29,-0.34,-0.18,0.06,-0.21
Dissatisfied,,C,,,dissatis,-0.19,-0.3,0.2,-0.14,-0.23
Dissensualized,,,,,dissensu,0.06,0.08,0.16,0.15,0.14
Dissocial,,E,,,dissocia,-0.03,-0.16,0.51,0.03,-0.09
Distant,,E,,,distant,-0.07,-0.14,0.49,0.04,-0.12
Distractible,,C,,,distract,0.01,-0.31,-0.07,-0.17,0.09
Distrustful,,,,,distrust,-0.1,-0.07,0.21,-0.12,-0.27
Divertible,,,,,divertib,0.06,-0.19,-0.06,-0.27,0.12
Docile,,O,,,docile,0.15,0.19,0.2,-0.07,0.35
Doctrinaire,,A,,,doctrina,-0.31,0.05,-0.06,0.03,0.01
Dogged,,,,,dogged,0.01,0.04,0.09,-0.04,-0.23
Dogmatic,,,,,dogmatic,-0.2,0.09,-0.03,-0.01,0.05
Doleful,,,,,doleful,-0.22,0.07,0.21,-0.19,0.02
Dominant,,A,,,dominant,-0.36,0.16,-0.24,0.21,-0.21
Domineering,,A,,,domineer,-0.41,0.16,-0.23,0.19,-0.1
Double-faced,,,,,double_f,-0.17,-0.19,0.03,-0.16,0.27
Double-tongued,,,,,double_t,-0.28,-0.17,-0.04,-0.13,0.2
Down-to-earth,,,,,down_to_,0.17,0.21,0.03,0.2,0.17
Dreamy,,N,,,dreamy,-0.06,-0.16,-0.2,-0.32,-0.09
Dull,,E,,,dull,0.06,-0.04,0.34,-0.11,0.23
Dull-witted,,,,,dull_wit,0.07,0.02,0.21,-0.13,0.29
Durable,,,,,durable,0.15,0.22,-0.05,0.15,-0.1
Dutiful,,,,,dutiful,0.11,0.4,-0.12,-0.01,0.18
Dynamic,,E,,,dynamic,-0.13,0.19,-0.48,0.2,-0.1
Eager,,E,,,eager,0.14,0.14,-0.48,-0.08,-0.09
Eagle-eyed,,,,,eagle_ey,-0.08,0.2,-0.14,0.26,-0.08
Earnest,,,,,earnest,0.19,0.24,-0.05,-0.13,-0.1
Earthly-minded,,,,,earthlym,0.08,0.14,-0.05,0.01,0.07
Earthly-wise,,,,,earthlyw,-0.03,0.19,0.02,0.11,0.01
Earthy,,,,,earthy,0.02,-0.02,-0.02,0.09,0
Easeless,,,,,easeless,-0.12,-0.08,0.16,-0.08,0.1
Easy-going,,N,,,easy_goi,0.25,-0.14,-0.17,0.32,0.23
Economical,,C,,,economic,0.11,0.33,0.09,0.06,0.03
Educable,,,,,educable,0.26,0.15,0.06,-0.08,-0.15
Educated,,,,,educated,0.13,0.28,-0.05,0.06,0.07
Effeminate,,N,,,effemina,0.24,0.05,-0.08,-0.34,0.04
Effervescent,,E,,,efferves,0.03,-0.05,-0.57,-0.06,-0.06
Efficient,,C,,,efficien,0.03,0.53,0,0.07,-0.07
Egocentric,,A,,,egocentr,-0.33,-0.06,0.05,0.01,-0.1
Egotistical,,A,,,egotisti,-0.34,0.08,-0.1,-0.06,-0.03
Elegant,,,,,elegant,0.17,0.43,-0.12,-0.09,0.02
Elfish,,,,,elfish,0.09,-0.09,-0.14,-0.17,-0.15
Eloquent,,,,,eloquent,0,0.19,-0.19,0.06,-0.22
Elusive,,,,,elusive,-0.19,-0.05,0.13,-0.01,-0.15
Embittered,,A,,,embitter,-0.3,-0.11,0.27,-0.1,-0.1
Emotional,,N,,,emotiona,0.13,0.12,-0.26,-0.59,-0.16
Emotionless,,N,,,emotionl,-0.1,-0.18,0.29,0.48,0.26
Empathic,,,,,empathic,0.14,0.04,-0.08,-0.19,-0.27
Emphatic,,E,,,emphatic,-0.11,0.07,-0.31,-0.02,-0.22
Encyclopedic,,,,,encyclop,-0.06,0.11,0.09,0.17,-0.23
Energetic,,E,,,energeti,0.06,0.16,-0.4,0.19,-0.04
Enlightened,,,,,enlighte,0.05,0.26,-0.1,0.11,-0.15
Enterprising,,C,,,enterpri,0.01,0.34,-0.17,0.16,-0.22
Enthusiastic,,E,,,enthusia,0.15,0.15,-0.48,-0.03,-0.02
Envious,,,,,envious,-0.21,0.01,-0.03,-0.28,0.12
Equalitarian,,A,,,equalita,0.31,-0.02,0.11,-0.07,-0.23
Erratic,,C,,,erratic,-0.19,-0.43,-0.07,-0.27,-0.14
Ethical,,C,,,ethical,0.19,0.31,0.06,-0.06,-0.12
Evangelistic,,,,,evangeli,0.04,0.26,-0.11,-0.15,0.15
Evasive,,,,,evasive,-0.16,0.01,0.03,-0.14,0.09
Exact,,C,,,exact,0.02,0.47,0.07,0.15,-0.03
Exacting,,,,,exacting,-0.16,0.28,0.03,0.04,-0.13
Exaggerative,,,,,exaggera,-0.27,-0.2,-0.29,-0.23,0.09
Excessive,,,,,excessiv,-0.28,-0.27,-0.23,-0.1,0.06
Excitable,,E,,,excitabl,0.03,0.01,-0.33,-0.42,-0.03
Exclusive,,,,,exclusiv,-0.16,0.13,0.03,-0.02,-0.02
Exhaustible,,,,,exhaustb,0.04,0.03,0.1,-0.29,0.1
Exhaustive,,,,,exhaustv,-0.1,0.03,-0.09,-0.11,-0.05
Exhibitionistic,,A,,,exhibiti,-0.31,-0.15,-0.28,0,-0.16
Expansive,,,,,expansiv,0.09,0.02,-0.2,-0.12,-0.19
Explicit,,C,,,explicit,0.01,0.38,-0.04,0.17,-0.16
Exploitative,,A,,,exploita,-0.41,-0.05,-0.1,0.13,0.09
Explosive,,A,,,explosiv,-0.42,-0.15,-0.2,-0.04,-0.27
Expressive,,,,,expressi,0.08,0.08,-0.41,-0.17,-0.36
Extravagant,,,,,extravag,-0.11,-0.02,-0.19,-0.13,0.09
Extroverted,,E,,,extrover,-0.06,-0.04,-0.57,0.07,-0.07
Facetious,,,,,facetiou,-0.15,-0.16,-0.14,0,-0.04
Factious,,,,,factious,-0.25,0.02,0.04,0.18,-0.03
Faint-hearted,,,,,faint_he,0.05,-0.06,0.03,-0.2,0.22
Fair-minded,,A,,,fair_min,0.45,0.04,0.14,0.05,-0.14
Fair-natured,,A,,,fair_nat,0.48,0.15,0,-0.04,0.06
Faithful,,C,A,,faithful,0.31,0.32,-0.05,-0.15,0.11
False-hearted,,,,,false_he,-0.1,-0.18,0.1,0.08,0.08
Fanatical,,,,,fanatica,-0.26,0.08,-0.14,-0.11,-0.01
Fanciful,,E,N,,fanciful,0.07,-0.14,-0.31,-0.32,-0.07
Fancy-free,,,,,fancy_fr,0.07,0,-0.29,0.03,0.15
Farseeing,,C,,,farseein,0.01,0.37,-0.03,0.06,-0.15
Fastidious,,C,,,fastidio,-0.16,0.31,0.03,-0.13,-0.1
Fatalistic,,,,,fatalist,-0.02,-0.05,0.23,-0.15,-0.08
Fatigueless,,N,,,fatiguel,0,0.1,-0.07,0.35,-0.07
Faultfinding,,A,,,faultind,-0.38,0.09,0.1,-0.13,0.01
Fearful,,N,,,fearful,-0.09,0,0.09,-0.52,0.21
Fearless,,N,,,fearless,0.07,0.02,-0.14,0.47,-0.12
Feelingful,,N,E,,feelingf,0.28,0.22,-0.3,-0.43,-0.13
Feelingless,,N,,,feelingl,-0.11,-0.23,0.28,0.46,0.14
Feminine,,N,,,feminine,0.44,0.11,-0.14,-0.52,-0.04
Fervent,,,,,fervent,0.01,0.12,-0.23,-0.18,-0.1
Fickle,,,,,fickle,-0.02,-0.24,-0.1,-0.18,0.03
Fidgety,,,,,fidgety,-0.08,-0.25,-0.11,-0.27,-0.07
Fierce,,A,,,fierce,-0.41,0,-0.07,0.25,-0.1
Fiery,,A,O,,fiery,-0.33,-0.01,-0.26,-0.04,-0.3
Finicky,,,,,finicky,-0.2,0.05,0,-0.28,-0.04
Firm,,C,,,firm,-0.05,0.36,-0.11,0.27,-0.13
Flamboyant,,E,,,flamboya,-0.22,-0.02,-0.47,0.07,-0.1
Flammable,,,,,flammabl,-0.26,-0.12,-0.13,-0.23,-0.2
Flatterable,,,,,flattera,-0.03,0.01,-0.17,-0.19,0.27
Flaunty,,,,,flaunty,-0.22,-0.01,-0.29,-0.09,0.07
Flexible,,A,,,flexible,0.38,0,-0.05,0.01,-0.13
Flighty,,,,,flighty,-0.04,-0.11,-0.32,-0.19,0.09
Flippant,,E,,,flippant,-0.22,-0.29,-0.3,-0.03,-0.09
Flirtatious,,E,,,flirtati,-0.05,-0.11,-0.44,-0.04,0.07
Fluttery,,N,,,fluttery,-0.08,-0.08,-0.29,-0.3,0.11
Folksy,,,,,folksy,0.21,-0.02,-0.21,-0.14,0.04
Foolhardy,,C,,,foolhard,-0.11,-0.31,-0.25,-0.06,0.07
Foolish,,C,,,foolish,-0.08,-0.41,-0.14,-0.25,0.12
Foot-loose,,,,,foot_loo,-0.02,-0.22,-0.11,0.12,-0.02
Forbearing,,,,,forbeari,0.04,0.11,0.05,0.03,0.04
Forceful,,E,,,forceful,-0.28,0.13,-0.31,0.17,-0.29
Forceless,,O,,,forceles,0.24,-0.11,0.19,-0.04,0.34
Forcible,,,,,forcible,-0.27,0.1,-0.07,-0.04,0.13
Foresighted,,,,,foresigh,0.1,0.31,0.03,0.07,-0.18
Forethoughtful,,C,,,foresigl,-0.02,-0.24,0.02,-0.01,0.21
Forgetful,,,,,forethou,0.2,0.3,0.07,-0.04,-0.13
Forgiving,,A,,,forgetfu,0,-0.25,0.02,-0.21,0.17
Formal,,C,,,forgivin,0.44,0.04,-0.14,-0.11,0.19
Foresightless,,,,,formal,-0.03,0.46,0.03,-0.09,0.27
Forthright,,O,,,forthrig,0.07,0.05,-0.12,0.04,-0.36
Forward,,E,,,forward,-0.18,-0.05,-0.31,0.1,-0.14
Forward-looking,,,,,forward_,0.04,0.25,0.01,0.05,-0.06
Foul-mouthed,,A,,,foul_mou,-0.36,-0.24,0.05,0.11,-0.04
Foxy,,,,,foxy,-0.27,0.06,-0.23,0.07,0.08
Frank,,,,,frank,-0.04,0.03,-0.18,0.16,-0.2
Fraternal,,,,,fraterna,0.11,0.1,-0.19,-0.02,0.1
Fraudulent,,,,,fraudule,-0.24,-0.09,0.02,0.08,0.05
Free-living,,,,,free_liv,0.04,-0.17,-0.12,0.23,-0.01
Free-minded,,,,,free_min,0.12,-0.04,-0.04,0.18,-0.18
Freethinking,,,,,freethin,0.08,-0.04,0,0.21,-0.24
Fretful,,N,,,fretful,-0.13,-0.1,0.12,-0.49,0.01
Fretless,,N,,,fretless,0.16,0.07,-0.07,0.46,0.05
Friendly,,A,E,,friendly,0.36,0.09,-0.34,0.05,0.14
Frightenable,,N,,,frighten,0.13,0.02,-0.13,-0.45,0.07
Frisky,,E,,,frisky,0.08,-0.09,-0.56,0.07,-0.04
Frivolous,,E,,,frivolou,-0.1,-0.13,-0.37,-0.12,0.07
Frolicsome,,E,,,frolicso,0.12,-0.15,-0.55,0.03,0.03
Frugal,,,,,frugal,0.1,0.2,0.12,0.02,0.07
Fussy,,,,,fussy,-0.19,0.29,0.04,-0.26,0.03
Gabby,,E,,,gabby,-0.13,-0.15,-0.44,-0.26,0.05
Gallant,,E,,,gallant,-0.08,0.14,-0.3,0.23,-0.02
Generous,,A,,,generous,0.34,0.21,-0.28,-0.07,0.14
Genial,,A,,,genial,0.37,0.09,-0.29,0.01,0
Genteel,,C,,,genteel,0.21,0.39,-0.15,-0.04,0.15
Gentle,,A,,,gentle,0.44,0.25,-0.08,-0.02,0
Gentle-hearted,,A,,,gentle_h,0.43,0.15,-0.16,-0.06,0.08
Gentlemanlike,,N,,,gentlema,-0.19,0.13,-0.02,0.4,0.04
Girlish,,N,A,,girlish,0.39,0.05,-0.22,-0.49,0.01
Giving,,A,,,giving,0.4,0.21,-0.24,-0.25,0.02
Glib,,,,,glib,-0.08,-0.07,-0.24,-0.03,-0.04
Gloomy,,E,N,,gloomy,-0.24,0.01,0.33,-0.32,-0.16
Gluttonous,,C,,,gluttono,-0.11,-0.36,0.07,-0.16,-0.02
God-fearing,,,,,god_fear,0.07,0.2,-0.09,-0.08,0.15
Godless,,,,,godless,-0.03,-0.23,0.2,0.03,-0.04
Good-hearted,,A,,,good_hea,0.47,0.23,-0.12,-0.03,0.06
Good-humored,,,,,good_hum,0.24,-0.01,-0.21,0.22,0.16
Good-natured,,A,,,good_nat,0.4,0.11,-0.23,0.13,0.23
Good-tempered,,A,,,good_tem,0.43,0.12,-0.07,0.16,0.28
Gossipy,,N,,,gossipy,-0.1,-0.1,-0.21,-0.39,0.17
Graceful,,C,,,graceful,0.22,0.32,-0.23,-0.02,-0.03
Graceless,,C,,,graceles,-0.14,-0.34,0.2,0,0.2
Gracious,,A,C,,gracious,0.37,0.31,-0.13,-0.12,0.04
Great-hearted,,,,,great_he,0.17,0.22,-0.27,-0.09,0.09
Greedy,,A,,,greedy,-0.36,-0.28,0.09,-0.04,0.03
Gregarious,,,,,gregario,0.08,0.03,-0.26,-0.04,-0.03
Gruff,,A,,,gruff,-0.34,0.05,0.09,0.15,-0.08
Grumbly,,A,,,grumbly,-0.32,-0.06,0.1,-0.28,-0.13
Grumpy,,A,,,grumpy,-0.38,-0.01,0.12,-0.25,-0.14
Guileless,,,,,guileles,0.27,-0.09,-0.04,-0.11,0.01
Gullible,,N,,,gullible,0.15,-0.19,-0.16,-0.45,0.22
Gushy,,,,,gushy,0.01,-0.09,-0.23,-0.18,0.16
Gutless,,O,N,,gutless,0.05,-0.15,0.17,-0.31,0.33
Gutsy,,E,,,gutsy,-0.14,-0.03,-0.3,0.26,-0.1
Haphazard,,C,,,haphazar,-0.06,-0.52,-0.09,-0.06,0.02
Happy-go-lucky,,E,,,happy_go,0.11,-0.16,-0.51,0.2,0.27
Hardened,,A,,,hard_hea,-0.19,-0.02,0.06,0.09,-0.18
Hard-headed,,N,,,hard_hrt,-0.23,-0.1,0.26,0.36,0.07
Hard-hearted,,,,,hard_nos,-0.23,-0.01,0.09,0.12,0
Hard-nosed,,,,,hard_she,-0.15,-0.03,0.25,0.23,-0.07
Hard-shelled,,,,,hardened,-0.35,-0.05,0.29,0.23,0
Hardworking,,C,,,hardwork,0.23,0.46,-0.07,-0.01,-0.03
Harsh,,A,,,harsh,-0.49,0.07,0.12,0.09,0.02
Hasty,,,,,hasty,-0.12,-0.21,-0.25,-0.18,0.01
Haughty,,,,,haughty,-0.28,0.13,-0.01,-0.06,0.06
Headlong,,,,,headlong,-0.03,-0.21,-0.24,-0.1,-0.18
Headstrong,,,,,headstro,-0.16,0.03,-0.18,-0.11,-0.2
Heartless,,N,,,heartles,-0.14,-0.1,0.25,0.39,0.13
Hearty,,E,,,hearty,0.03,0.09,-0.33,0.04,0.1
Hectic,,,,,hectic,-0.08,-0.17,-0.27,-0.28,-0.14
Heedful,,,,,heedful,0.26,0.25,0.09,-0.08,0.07
Heedless,,,,,heedless,-0.07,-0.24,-0.01,0.1,0
Helpful,,A,,,helpful,0.4,0.28,-0.16,0.03,0.05
Heretical,,,,,heretica,-0.06,-0.19,0.04,-0.04,-0.18
Hermitish,,E,,,hermitis,-0.09,-0.09,0.38,-0.05,-0.06
Heroic,,,,,heroic,-0.19,0.23,-0.29,0.26,-0.06
Highfaluting,,,,,high_fal,-0.16,0.01,-0.25,0.03,0.14
High-handed,,,,,high_han,-0.28,0.05,-0.18,-0.06,0.04
High-minded,,,,,high_min,-0.01,0.18,-0.02,0.04,-0.22
High-principled,,C,,,high_pri,0.16,0.3,0.01,-0.06,-0.11
High-spirited,,E,,,high_spi,0.01,0.02,-0.51,0.06,-0.14
High-strung,,N,,,high_str,-0.1,-0.04,-0.07,-0.49,-0.17
Hit-or-miss,,C,,,hit_or_m,-0.01,-0.3,-0.1,-0.03,0.22
Hoggish,,C,,,hoggish,-0.24,-0.37,-0.02,-0.02,0.13
Homespun,,,,,homespun,0.16,0.08,-0.07,-0.07,0.21
Homicidal,,,,,homicida,0.04,-0.18,-0.01,-0.08,-0.06
Honest,,A,,,honest,0.34,0.29,-0.05,0.02,-0.06
Hospitable,,A,,,hospitab,0.38,0.16,-0.22,-0.08,0.15
Hostile,,A,,,hostile,-0.47,-0.08,0.18,-0.02,-0.11
Hot-blooded,,,,,hot_bloo,-0.28,0.01,-0.16,-0.21,-0.2
Hot-tempered,,A,,,hot_temp,-0.39,0,-0.06,-0.2,-0.25
Humane,,A,,,humane,0.39,0.2,-0.16,-0.04,-0.02
Humanitarian,,A,,,humanita,0.31,0.19,-0.22,-0.05,-0.16
Humble,,,,,humble,0.28,0.27,0,0.03,0.24
Humorless,,E,,,humorles,0.08,0.19,0.3,0.02,0.12
Humorous,,E,,,humorous,-0.11,-0.12,-0.35,0.17,0.08
Hypercritical,,,,,hypercri,-0.26,-0.05,0.06,-0.09,-0.13
Hypocritical,,,,,hypersen,-0.07,-0.06,0.05,-0.55,-0.16
Hypersensitive,,N,,,hypersnl,-0.17,-0.08,-0.11,-0.17,-0.1
Hypersensual,,,,,hypocrit,-0.09,-0.12,-0.03,-0.17,0.24
Icy,,N,,,icy,-0.1,-0.02,0.43,0.1,-0.02
Idealistic,,O,,,idealist,0.19,0.08,-0.02,-0.2,-0.33
Ignorant,,,,,ignorant,0.13,-0.19,0,-0.2,0.22
Ill-humored,,,,,ill_humo,-0.01,-0.02,0.26,-0.13,-0.14
Illiterate,,,,,ill_mann,0.04,-0.39,0.19,0.11,-0.22
Ill-mannered,,C,,,ill_natu,-0.16,-0.14,0.27,-0.18,-0.15
Ill-natured,,,,,ill_temp,-0.25,-0.08,0.06,-0.22,-0.17
Illogical,,C,N,,ill_will,-0.11,-0.07,0.14,-0.08,0.08
Ill-tempered,,,,,illitera,0.1,-0.12,0.05,0.05,0.05
Ill-willed,,,,,illogica,0.13,-0.34,-0.11,-0.31,0.05
Imaginative,,,,,imaginat,0.12,-0.03,-0.1,0.04,-0.29
Imitative,,,,,imitativ,-0.11,-0.14,-0.09,-0.24,0.28
Immature,,C,,,immature,-0.12,-0.4,-0.07,-0.24,0.13
Immoderate,,C,,,immodera,-0.05,-0.32,-0.13,-0.03,-0.13
Immodest,,,,,immodest,-0.16,-0.19,-0.19,0.06,0.03
Immovable,,,,,immovabl,-0.08,0.01,-0.02,0.27,0.05
Impartial,,,,,impartia,0.17,0.04,0.21,0.12,-0.04
Impasslye,,,,,impassiv,-0.02,-0.08,-0.02,0.17,-0.04
Impatient,,N,,,impatien,-0.24,-0.13,-0.07,-0.31,-0.16
Imperceptive,,,,,impercep,0.03,-0.1,0.04,0,0.31
Impersonal,,E,,,imperson,-0.06,-0.06,0.39,0.16,0.02
Impertinent,,,,,impertin,-0.16,-0.29,-0.09,-0.08,-0.17
Imperturbable,,N,,,impertur,0.15,-0.02,0.07,0.34,0.01
Impetuous,,,,,impetuou,-0.13,-0.15,-0.25,-0.03,-0.19
Impious,,,,,impious,0.04,-0.23,0.03,0,-0.23
Impish,,,,,impish,0.14,-0.16,-0.2,-0.21,-0.26
Impolite,,C,,,impolite,-0.18,-0.44,0.05,0.21,-0.09
Impractical,,C,,,impracti,0.06,-0.44,0.02,-0.22,0
Imprecise,,C,,,imprecis,0.17,-0.45,0.12,-0.26,0.19
Impressionable,,,,,impressi,0.07,-0.13,-0.01,-0.21,0.21
Impressible,,,,,impressn,0.04,-0.21,-0.09,-0.27,0.16
Imprudent,,,,,impruden,0,-0.26,-0.14,-0.02,-0.08
Impudent,,,,,impudent,-0.25,-0.23,-0.14,0.04,-0.23
Impulsive,,E,,,impulsiv,0,-0.26,-0.3,-0.11,-0.07
Inaccurate,,C,,,inaccura,0.05,-0.39,-0.08,-0.19,0.29
Inaggressive,,A,E,,inagress,0.42,-0.1,0.32,-0.16,0.13
Inarticulate,,E,,,inarticu,0.06,-0.21,0.32,-0.12,0.11
Incautious,,C,,,incautio,0,-0.48,-0.09,0.09,-0.05
Incoercible,,,,,incoerci,0.17,-0.05,0.04,0.19,-0.08
Incompliant,,,,,incompli,-0.06,-0.2,0.12,0.22,-0.15
Inconfident,,N,E,,inconfid,0.1,-0.3,0.31,-0.39,0.12
Inconfinable,,,,,inconfin,0.16,-0.27,0,0.12,-0.08
Incongenial,,,,,incongen,-0.1,-0.03,0.38,0.14,-0.03
Inconsiderate,,C,,,inconsid,-0.16,-0.31,0.19,0.1,-0.03
Inconsistent,,C,,,inconsis,-0.06,-0.47,0.01,-0.27,-0.05
Inconstant,,C,,,inconsta,-0.11,-0.45,0.01,-0.19,0.04
Incontrollable,,C,,,incontro,-0.24,-0.32,-0.23,0.03,-0.23
Inconvincible,,,,,inconvin,-0.1,-0.1,-0.01,0.16,-0.12
Incorruptible,,,,,incorrpl,0.16,0.11,0.05,0.1,-0.07
Incorrupt,,,,,incorrup,0.18,0.09,0.06,0.01,-0.07
Incurious,,,,,incuriou,0.14,0.08,0.19,0.09,0.36
Indecisive,,C,,,indecisi,0.12,-0.33,0.18,-0.22,0.26
Indefatigable,,,,,indefati,0.03,0.03,0.01,0.29,-0.12
Indefinite,,C,,,indefini,0.06,-0.44,0.07,-0.29,0.26
Indeliberate,,C,,,indelibe,0.11,-0.37,-0.06,-0.12,0.08
Indelicate,,C,,,indelica,-0.15,-0.35,0.06,0.21,-0.06
Independent,,,,,independ,0.06,0.13,-0.04,0.28,-0.23
Indestructible,,,,,indestru,-0.04,0.14,-0.11,0.24,-0.04
Indifferent,,O,,,indiffer,-0.18,-0.06,0.25,0.22,0.3
Indirect,,,,,indirect,0.03,-0.04,0.2,-0.15,0.17
Indiscreet,,,,,indiscre,-0.14,-0.26,-0.21,-0.01,0
Indivertible,,,,,indivert,0.07,0.1,0.03,0.24,-0.11
Individualistic,,,,,individu,0,0,0.01,0.2,-0.32
Indocile,,,,,indocile,-0.08,-0.21,-0.04,0.13,-0.18
Indomitable,,,,,indomita,-0.07,0.03,-0.03,0.29,-0.26
Indulgent,,,,,indulgen,-0.06,-0.21,-0.05,-0.1,-0.07
Industrious,,C,,,industri,0.21,0.42,-0.13,0.01,-0.16
Inefficient,,C,,,ineffici,0.16,-0.41,0.06,-0.16,0.1
Inelegant,,C,,,inelegan,0.02,-0.4,0.18,0.06,-0.09
Ineloquent,,,,,ineloque,0.08,-0.22,0.29,-0.03,0.16
Inexact,,C,,,inexact,0.11,-0.49,0.07,-0.13,0.19
Inexcitable,,N,E,,inexcita,0.03,0.08,0.36,0.38,0.12
Inexhaustible,,N,,,inexhaus,0.01,0.02,0.03,0.38,-0.07
Inexperienced,,,,,inexperi,0.18,-0.23,0.18,-0.21,0.08
Inexplicit,,C,,,inexplic,0.2,-0.37,0.14,-0.09,0.28
Inexpressive,,E,,,inexpres,0.04,-0.07,0.39,0.12,0.32
Inflexible,,,,,inflexib,-0.15,0.06,0.13,0.05,0.05
Informal,,C,,,informal,0.26,-0.36,0.1,0.06,-0.08
Informative,,,,,informat,0.04,0.22,-0.19,0.15,-0.16
Informed,,C,,,informed,0.1,0.35,0.01,0.23,-0.18
Ingenious,,O,,,ingeniou,0,0.25,-0.15,0.17,-0.36
Ingenuous,,,,,ingenuou,0.09,-0.02,-0.1,0.05,-0.21
Ingratiating,,,,,ingratia,-0.01,0.02,-0.06,-0.09,0.16
Ingratiatory,,,,,ingratir,-0.07,-0.01,-0.02,-0.05,0.19
Inharmonious,,,,,,,,,,
Inhibited,,,,,inhibite,0.09,-0.1,0.36,-0.2,0.16
Inhospitable,,,,,inhospit,-0.15,-0.05,0.31,0.1,0.02
Inhuman,,E,,,inhuman,-0.02,-0.1,0.25,0.14,0.06
Inhumane,,,,,inhumane,-0.06,-0.12,0.16,0.2,0.09
Inirritable,,,,,inirrita,0.36,-0.04,0.03,0.43,0.14
Injudicious,,N,,,injudici,0.01,-0.25,-0.08,0.04,0.13
Innovative,,,,,innovati,0.05,0.1,-0.16,0.13,-0.33
Inquiring,,O,,,inquirin,0.1,0.05,-0.2,0.06,-0.35
Inquisitive,,O,,,inquisil,-0.11,0,-0.14,0.02,-0.07
Inquisitorial,,O,,,inquisit,0.03,0.02,-0.16,0.01,-0.34
Insecure,,,,,insecure,-0.02,-0.27,0.21,-0.4,-0.02
Insensitive,,N,,,insensit,-0.11,-0.15,0.13,0.41,0.26
Insensuous,,,,,insensuo,0.08,0.01,0.16,0.06,0.21
Insightful,,,,,insightf,0.19,0.02,0.01,0.04,-0.29
Insincere,,,,,insincer,-0.14,-0.1,0.06,0.19,0.09
Insolent,,,,,insolent,-0.4,-0.17,-0.02,0.07,-0.14
Instructible,,A,,,instruct,0.24,0.02,0.12,0.09,-0.14
Insubordinate,,,,,insubord,-0.23,-0.31,-0.03,0,-0.23
Insuppressible,,C,,,insuppre,-0.05,-0.04,-0.13,0.16,-0.37
Intellectual,,,,,intellec,-0.02,0.21,-0.04,0.07,-0.37
Intelligent,,O,,,intellig,0.11,0.2,0.09,0.12,-0.25
Intemperate,,,,,intemper,-0.2,-0.07,-0.08,0.09,0
Intense,,,,,intense,-0.01,0.08,-0.06,-0.23,-0.39
Intimate,,O,,,intimate,0.07,0.06,-0.26,-0.14,-0.07
Intolerant,,,,,intolera,-0.38,0.03,-0.01,-0.07,0.02
Intricate,,,,,intricat,-0.11,-0.02,0.14,-0.2,-0.34
Introspective,,,,,introspe,0.12,-0.15,0.18,-0.11,-0.35
Introverted,,O,,,introver,0.13,0.01,0.56,-0.14,-0.01
Intrusive,,E,,,intrusiv,-0.3,-0.09,-0.21,-0.07,0.05
Intuitive,,A,,,intuitiv,0.09,0.07,-0.13,-0.07,-0.34
Invariable,,,,,invariab,0.04,0.3,0.12,0.24,0.17
Inventive,,C,,,inventiv,0.01,0.09,-0.07,0.1,-0.25
Invincible,,,,,invincib,-0.06,0.22,-0.12,0.2,-0.18
Inward,,,,,inward,0.04,-0.04,0.55,-0.09,-0.03
Iron-hearted,,E,,,iron_hea,-0.25,0.01,0.16,0.46,0.1
Ironical,,,,,ironical,-0.16,-0.17,0.16,-0.14,-0.32
Irrational,,O,,,irration,-0.06,-0.42,-0.06,-0.28,0.02
Irreformable,,C,,,irreform,-0.15,-0.19,0.06,0.11,-0.16
Irreligious,,,,,irreligl,-0.04,-0.26,0.21,0.17,-0.21
Irrepressible,,,,,irrepres,-0.05,-0.14,-0.08,0.1,-0.37
Irresolute,,O,,,irresolu,0.08,-0.39,0.17,-0.2,0.17
Irresponsible,,C,,,irrespon,-0.03,-0.54,-0.03,-0.06,0.14
Irrestrainable,,C,,,irrestra,-0.09,-0.22,-0.14,0.05,-0.27
Irreverent,,C,,,irrevere,-0.08,-0.35,0.08,0.11,-0.21
Irritable,,,,,irritabl,-0.31,-0.03,0.16,-0.37,-0.18
Jaunty,,N,A,,jaunty,-0.06,-0.09,-0.4,0.05,-0.03
Jealous,,E,,,jealous,-0.33,-0.03,-0.04,-0.33,0.02
Jocular,,N,A,,jocular,-0.07,-0.13,-0.32,0.06,0.03
Jolly,,E,,,jolly,-0.02,0.05,-0.61,0.1,0.22
Jovial,,E,,,jovial,0.07,0.03,-0.53,0.01,0.21
Joyless,,E,,,joyless,-0.04,0.03,0.37,0.13,0.11
Judicious,,E,,,judiciou,0,0.29,0.13,0.07,-0.16
Just,,,,,just,0.25,0.26,-0.02,0.16,-0.11
Juvenile,,,,,juvenile,-0.14,-0.3,-0.18,-0.17,0.16
Kind,,C,,,kind,0.44,0.23,-0.14,-0.11,0.18
Kind-hearted,,A,,,kind_hea,0.44,0.22,-0.13,-0.12,0.19
Kindly,,A,,,kindly,0.37,0.28,-0.18,-0.15,0.12
Knavish,,,,,knavish,-0.23,-0.2,-0.08,0,-0.01
Know-it-all,,,,,know_it_,-0.3,0.01,-0.13,0.03,-0.09
Knowledgeable,,A,,,knowledg,0,0.36,-0.05,0.18,-0.18
Lackadaisical,,C,,,lackadai,-0.06,-0.35,-0.01,0.01,-0.01
Ladylike,,C,,,ladylike,0.43,0.21,-0.13,-0.48,0.04
Lamblike,,N,,,lamblike,0.31,0.04,0.02,-0.37,0.24
Languid,,N,,,languid,-0.08,-0.22,0.17,-0.07,0.09
Larcenous,,,,,larcenou,-0.2,-0.21,0.09,0.18,0.01
Laughterless,,,,,laughter,0.1,0.06,0.32,0.14,0
Lavish,,E,,,lavish,-0.18,0.07,-0.22,-0.09,-0.02
Law-abiding,,,,,law_abid,0.17,0.37,0.04,-0.06,0.26
Lawless,,C,,,lawless,0.02,-0.35,0.05,0.03,-0.13
Lax,,C,,,lax,-0.05,-0.39,0.01,0.08,0.15
Lazy,,C,,,lazy,-0.04,-0.36,0.08,-0.1,0.1
Leadable,,C,,,leadable,0.11,0.04,0.08,-0.18,0.27
Learned,,,,,learned,-0.08,0.33,-0.08,0.06,-0.04
Lecherous,,C,,,lecherou,-0.23,-0.19,0.04,0.16,-0.02
Legalistic,,C,,,legalist,-0.22,0.36,-0.02,0.05,0.18
Leisureless,,,,,leisurls,0.04,0.12,0.14,-0.06,-0.09
Leisurely,,,,,leisurly,0.04,-0.01,-0.09,0.16,0.24
Lenient,,,,,lenient,0.2,-0.08,-0.04,0.01,0.16
Lethargic,,,,,lethargi,-0.13,-0.21,0.23,-0.13,0.16
Level-headed,,,,,level_he,0.18,0.37,0.2,0.22,0.14
Lewd,,C,,,lewd,-0.37,-0.18,0.07,0.13,-0.02
Lifeless,,A,,,life_wea,-0.18,-0.15,0.3,-0.15,0.01
Life-weary,,E,,,lifeless,0,0.02,0.34,-0.09,0.12
Light-hearted,,,,,light_he,0.22,-0.05,-0.33,0.03,0.12
Lion-hearted,,E,,,lion_hea,-0.05,0.15,-0.19,0.26,-0.08
Literal,,,,,literal,0.02,0.28,-0.08,0.04,0
Literary,,,,,literary,0.08,0.17,-0.05,-0.03,-0.3
Literate,,O,,,literate,0.2,0.11,0,0.02,-0.09
Live,,,,,live,0.09,0.06,-0.26,0.03,-0.01
Lively,,,,,lively,0.06,0.1,-0.55,0.17,-0.01
Logical,,E,,,logical,0.06,0.43,0.15,0.37,-0.1
Long-suffering,,C,N,,long_suf,-0.06,0.1,0.09,-0.2,0
Long-winded,,,,,long_win,-0.22,-0.04,-0.29,-0.1,0.06
Loose-tongued,,,,,loose_to,-0.4,-0.21,-0.32,-0.13,0
Loud,,A,,,loud,-0.37,-0.21,-0.46,-0.09,-0.02
Loud-mouthed,,E,,,loud_mou,-0.35,-0.26,-0.41,-0.12,0.04
Loving,,E,A,,loving,0.27,0.22,-0.33,-0.3,-0.08
Loyal,,E,,,loyal,0.27,0.32,-0.26,-0.09,-0.02
Lucid,,C,,,lucid,0.18,0.06,0.04,0.08,-0.21
Lukewarm,,,,,lukewarm,-0.03,0.03,0.27,0.07,0.31
Lustful,,O,,,lustful,-0.3,-0.13,-0.08,0.08,-0.13
Lustless,,A,,,lustless,0.24,0.2,0.11,0.04,0.22
Lusty,,,,,lusty,-0.16,-0.1,-0.22,0.11,-0.14
Magisterial,,,,,magister,-0.22,0.35,-0.15,0,-0.05
Magnanimous,,C,,,magnanim,0.17,0.12,-0.11,0.08,-0.13
Magnetic,,,,,magnetic,-0.06,0.12,-0.44,0.1,0.04
Malevolent,,E,,,malevole,-0.29,0,0.08,0.04,0.11
Malicious,,A,,,maliciou,-0.35,-0.03,0.18,0.02,0.07
Malleable,,A,,,malleabl,0.13,-0.07,0,-0.29,0.15
Manipulative,,,,,manipulb,0.09,-0.04,0.04,-0.37,0.31
Manipulable,,A,,,manipulv,-0.32,0.15,-0.08,-0.02,0.12
Manly,,N,,,manly,-0.33,-0.02,0.16,0.5,0.05
Mannerless,,N,,,mannerle,-0.13,-0.33,0.05,0.2,-0.11
Mannerly,,C,,,mannerly,0.22,0.41,-0.03,-0.05,0.2
Many-sided,,C,,,many_sid,-0.01,-0.18,0.11,-0.12,-0.23
Masculine,,,,,masculin,-0.35,-0.03,0.16,0.52,0.06
Masochistic,,N,A,,masochis,-0.15,-0.15,0.16,-0.14,-0.08
Materialistic,,,,,material,-0.22,0.08,0.01,0.03,0.04
Maternal,,,,,maternal,0.32,0.13,-0.15,-0.47,0.04
Matter-of-fact,,N,A,,matter_o,0.06,0.19,-0.02,0.09,-0.06
Mature,,,,,mature,0.24,0.42,0.09,0.19,-0.05
Mechanistic,,C,,,mechanis,-0.15,0.27,-0.02,0.26,0.08
Meddlesome,,,,,meddleso,-0.27,-0.19,-0.23,-0.3,0
Meditative,,N,,,meditati,0.12,-0.04,0.1,-0.19,-0.24
Meek,,E,,,meek,0.08,0.09,0.34,-0.24,0.26
Melancholic,,,,,melancho,-0.11,-0.04,0.28,-0.33,-0.01
Melodramatic,,N,,,melodram,-0.28,-0.06,-0.07,-0.35,-0.12
Mercenary,,N,,,mercenar,-0.29,0.04,0.01,0.05,0.11
Merciful,,,,,merciful,0.38,0.17,-0.08,-0.05,-0.03
Merciless,,A,,,merciles,-0.27,-0.13,0.11,0.15,0.13
Merry,,,,,merry,0.15,0.07,-0.58,0.07,0.17
Messy,,C,,,messy,0.04,-0.46,-0.1,-0.03,-0.02
Methodical,,C,,,methodic,0.02,0.36,0.2,0.07,-0.09
Meticulous,,C,,,meticulo,-0.06,0.41,0.16,-0.03,-0.03
Mild,,C,,,mild,0.26,0.22,0.22,-0.01,0.36
Mild-hearted,,O,,,mild_hea,0.18,0.16,0.07,0.01,0.27
Militant,,,,,militant,-0.21,-0.03,0.01,0.15,-0.2
Ministrative,,,,,ministra,0.07,0.14,-0.07,-0.05,-0.09
Mirthful,,,,,mirthful,0.12,-0.09,-0.21,-0.04,-0.07
Mirthless,,,,,mirthles,-0.08,0.08,0.15,0.12,0.24
Mischievous,,,,,mischiev,-0.2,-0.22,-0.32,-0.01,-0.17
Miserly,,E,,,miserly,-0.14,0.02,0.14,-0.04,0.11
Misleadable,,,,,misleada,-0.02,-0.21,-0.02,-0.31,0.1
Mistrustful,,N,,,mistrust,-0.21,-0.1,0.28,-0.07,-0.18
Moderate,,,,,moderate,0.33,0.22,0.19,0.04,0.25
Modest,,A,,,modest,0.29,0.24,0.21,-0.01,0.09
Moldable,,,,,moldable,0.12,0.03,0.03,-0.24,0.26
Monosyllalic,,,,,monosyll,-0.06,0.09,0.15,0.05,0.27
Moody,,,,,moody,-0.26,-0.1,0.2,-0.39,-0.16
Moral,,N,,,moral,0.23,0.36,-0.03,-0.16,0.04
Moralistic,,C,,,moralist,0.02,0.42,-0.11,-0.16,0.24
Moralizing,,C,,,moralizi,-0.07,0.36,-0.14,-0.07,0.29
Morbid,,C,,,morbid,-0.22,-0.16,0.31,-0.1,-0.08
Morose,,E,,,morose,-0.37,-0.04,0.38,-0.17,0.01
Mousy,,E,A,,mousy,0.15,0.04,0.24,-0.17,0.09
Muddle-headed,,,,,muddle_h,0.08,-0.4,-0.05,-0.32,0.12
Mulish,,C,,,mulish,-0.1,-0.12,0.01,-0.11,-0.1
Mundane,,,,,mundane,0.03,0.18,0.21,-0.06,0.21
Murderous,,,,,murderou,-0.16,-0.12,0.15,0.04,-0.1
Mushy,,,,,mushy,-0.06,0.01,-0.23,-0.25,0.15
Musical,,,,,musical,0.07,0.08,-0.08,0.02,-0.08
Mussy,,,,,mussy,0.08,-0.42,-0.01,-0.07,-0.07
Mutinous,,C,,,mutinous,-0.32,-0.29,0.02,0.02,-0.31
Mystical,,O,,,mystical,-0.05,0.03,-0.09,-0.19,-0.19
Nagging,,,,,nagging,-0.26,0.06,-0.02,-0.36,0.05
Naive,,N,,,naive,0.13,-0.18,-0.05,-0.37,0.13
Narrow,,N,,,narrow,-0.14,0.02,0.06,-0.03,0.34
Narrow-minded,,O,,,narrow_m,-0.24,0.05,0.08,-0.06,0.25
Natural,,,,,natural,0.19,0.04,-0.1,-0.01,-0.05
Negative,,,,,negative,-0.25,-0.04,0.4,-0.18,0.03
Negativistic,,E,,,negativi,-0.21,-0.07,0.34,-0.21,-0.02
Neglectful,,E,,,neglectf,-0.09,-0.38,0.05,-0.09,0.05
Negligent,,C,,,negligen,-0.14,-0.33,0.08,-0.06,0.14
Neighborly,,C,,,neighbor,0.28,0.14,-0.39,-0.05,0.14
Nervous,,E,,,nervous,-0.13,-0.04,0.14,-0.45,0.01
Nervy,,N,,,nervy,-0.15,-0.05,-0.17,-0.15,-0.14
Niggardly,,,,,niggardl,-0.23,-0.08,0.12,-0.05,0.02
Nimble-witted,,,,,nimble_w,0.2,-0.11,0,0.09,-0.29
Noisy,,,,,noisy,-0.31,-0.3,-0.44,-0.09,-0.05
Nonbelligerent,,E,,,nonbelli,0.39,0.11,0.14,-0.04,0.05
Nonchalant,,A,,,nonchala,0.07,-0.11,-0.01,0.39,0.11
Noncoercive,,A,,,noncoerc,0.24,-0.01,0.13,0.08,-0.04
Noncompliant,,,,,noncompl,-0.05,-0.11,0.11,0.15,-0.22
Nonconforming,,,,,nonconfo,0.07,-0.3,0.02,0.17,-0.4
Nonegotistical,,O,C,,nonegois,0.4,-0.01,0.09,0.06,0.02
Nonexplosive,,A,,,nonexplo,0.49,0.07,0.14,0.21,0.22
Nonhostile,,A,,,nonhosti,0.52,0.03,-0.01,0.09,0.13
Nonimitative,,A,,,nonimita,0.32,0.05,0.02,0.23,-0.19
Noninterfering,,,,,noninter,0.42,0.04,0.29,0.21,-0.02
Nonirritable,,A,,,nonirrit,0.43,-0.05,0.02,0.36,0.16
Nonpersistent,,A,N,,nonpersi,0.27,-0.18,0.22,0.01,0.21
Nonrational,,,,,nonratio,-0.03,-0.34,-0.14,-0.18,0.02
Nonreligious,,C,,,nonrelig,-0.07,-0.24,0.19,0.14,-0.14
Nonrigid,,,,,nonrigid,0.27,-0.28,0.03,-0.08,-0.13
Nonspiritual,,,,,nonspiri,-0.12,-0.1,0.18,0.2,0.05
Nonunderstanding,,,,,nonunder,0.03,-0.05,0.09,0.15,0.14
Nonvariant,,,,,nonvaria,0.07,0.16,0.16,0.28,0.18
Nonvocal,,,,,nonvocal,0.12,0.07,0.51,0.09,0.27
Nonvolatile,,,,,nonvolat,0.21,0.08,0.23,0.23,0.2
Nosey,,,,,nosey,-0.2,-0.11,-0.19,-0.33,0.03
Objective,,N,,,objectiv,0.08,0.24,-0.05,0.25,-0.07
Obliging,,,,,obliging,0.29,0.11,-0.1,-0.08,0.23
Observant,,,,,observan,0.03,0.19,-0.16,0.21,-0.15
Obsessive,,,,,obsessiv,-0.35,0,0.02,-0.16,0.08
Obstinate,,A,,,obstinat,-0.21,-0.02,-0.04,-0.12,-0.21
Obtrusive,,,,,obtrusiv,-0.3,-0.06,-0.14,-0.03,-0.11
Old-fashioned,,A,,,old_fash,0.07,0.11,-0.02,-0.14,0.17
One-sided,,,,,one_side,-0.18,0.09,0.05,-0.01,0.23
Open-hearted,,,,,open_hea,0.4,0.08,-0.37,-0.09,-0.04
Open-minded,,A,E,,open_min,0.32,-0.12,-0.06,0.14,-0.11
Opinionated,,A,,,opiniona,-0.26,0.12,-0.17,-0.02,-0.12
Opportunistic,,,,,opportun,-0.19,0.15,-0.2,0.13,0.05
Optimistic,,,,,optimist,0.29,0.07,-0.26,0.14,0.09
Orderly,,,,,orderly,0.05,0.54,0.08,0.03,0.08
Organized,,C,,,organize,0.04,0.59,0.02,0.06,0.04
Original,,C,,,original,0.02,0.16,-0.09,0.13,-0.25
Ornery,,,,,ornery,-0.28,-0.04,-0.13,-0.14,-0.08
Ostentatious,,,,,ostentat,-0.28,0.01,-0.25,-0.07,0.09
Otherworldly,,,,,otherwor,0.02,-0.09,0.04,-0.19,-0.03
Outgoing,,,,,outgoing,0,-0.01,-0.62,0.11,-0.03
Outspoken,,E,,,outspoke,-0.2,-0.04,-0.43,-0.01,-0.29
Overactive,,E,,,overacti,-0.15,0.13,-0.35,0.09,-0.04
Overambitious,,E,,,overambi,-0.12,0.26,-0.19,0.03,-0.09
Overbearing,,,,,overbear,-0.38,0.06,-0.27,-0.01,-0.02
Overbitter,,A,,,overbitt,-0.26,0.07,0.24,-0.06,-0.1
Overbold,,,,,overbold,-0.29,-0.08,-0.26,0.14,-0.12
Overbookish,,,,,overbook,0.06,0.15,0.09,-0.07,-0.23
Overbrave,,,,,overbrav,-0.04,0.1,-0.08,0.3,-0.06
Overbusy,,N,,,overbusy,0.06,0.2,-0.19,0.01,-0.06
Overcareful,,,,,overcare,0.01,0.29,0.18,-0.22,0.02
Overcaring,,,,,overcari,0.01,0.11,-0.03,-0.32,-0.1
Overcasual,,N,,,overcasu,-0.11,-0.19,-0.02,0.19,0.04
Overcautious,,,,,overcaut,0,0.25,0.16,-0.18,0.1
Overcharitable,,,,,overchar,0.12,0.1,-0.03,-0.12,0.06
Overconfident,,,,,overconf,-0.13,0.13,-0.3,0.32,-0.05
Overconscientious,,E,,,overcons,0.11,0.32,0.04,-0.08,-0.06
Overcredulous,,C,,,overcred,-0.01,0.04,-0.05,-0.35,-0.05
Overcritical,,N,,,overcrit,-0.35,0.06,0.15,-0.11,-0.22
Overcunning,,A,,,overcunn,-0.39,0.15,-0.01,0.09,-0.01
Overcurious,,A,,,overcuri,-0.18,-0.03,-0.13,0.03,-0.16
Overdaring,,,,,overdari,-0.25,-0.08,-0.28,0.27,-0.09
Overdiligent,,,,,overdili,-0.03,0.34,0.1,-0.02,-0.07
Overearnest,,C,,,overearn,0.04,0.04,0.01,-0.13,-0.2
Overelegant,,,,,overeleg,0.04,0.33,-0.08,0.06,0.04
Overemotional,,C,,,overemot,-0.02,0.05,-0.07,-0.53,-0.17
Overemphatic,,N,,,overemph,-0.2,-0.02,-0.12,-0.17,-0.22
Overexcitable,,,,,overexci,-0.19,-0.02,-0.37,-0.39,0
Overfastidious,,N,E,,overfast,-0.14,0.28,-0.03,-0.05,-0.1
Overfearful,,,,,overfear,-0.09,0.02,0.16,-0.49,0.14
Overfierce,,N,,,overfier,-0.43,0.07,-0.07,0.13,-0.08
Overforward,,A,,,overforw,-0.27,-0.05,-0.36,0.04,-0.07
Overgreedy,,E,,,overgree,-0.35,-0.04,-0.03,-0.02,0.06
Overharsh,,A,,,overhars,-0.43,0.14,0.11,0,-0.09
Overhasty,,A,,,overhast,-0.2,-0.18,-0.14,-0.24,0.05
Overimaginative,,,,,overimag,-0.11,-0.19,-0.11,-0.08,-0.21
Overindulgent,,,,,overindu,-0.22,-0.22,-0.15,-0.1,-0.06
Overintense,,,,,overinte,-0.16,-0.03,0.07,-0.31,-0.26
Overjealous,,N,,,overjeal,-0.37,0.01,-0.02,-0.23,0.08
Overkind,,A,,,overkind,0.08,0.06,-0.04,-0.03,0.05
Overlogical,,,,,overlogi,-0.11,0.18,0.11,0.13,-0.11
Overloud,,,,,overloud,-0.3,-0.18,-0.35,-0.06,0.03
Overlusty,,E,A,,overlust,-0.29,-0.07,-0.18,0.12,-0.01
Overmerry,,,,,overmerr,-0.12,-0.11,-0.29,0.03,0.11
Overmodest,,,,,overmode,0.13,0.04,0.19,0.01,0.1
Overneat,,,,,overneat,-0.08,0.45,0.04,-0.06,0.06
Overnervous,,C,,,overnerv,-0.17,0.06,0.12,-0.48,0.01
Overpartial,,N,,,overparl,-0.12,0,-0.01,-0.09,0.21
Overparticular,,,,,overpart,-0.17,0.27,0.13,-0.13,0.06
Overpassionate,,,,,overpass,-0.16,0.12,-0.18,-0.1,-0.01
Overpatient,,,,,overpati,0.23,0.06,0.16,0.11,0.07
Overprompt,,,,,overprom,-0.1,0.27,0.08,0.01,-0.02
Overproud,,,,,overprou,-0.29,0.1,0.04,0.02,0.03
Overquiet,,,,,overquie,0.08,0.14,0.58,-0.02,0.15
Overrash,,N,,,overrash,-0.18,-0.24,-0.03,-0.1,0.04
Overrefined,,,,,overrefi,-0.01,0.31,0.05,0.01,0.13
Overrelaxed,,C,,,overrela,0.04,-0.12,-0.12,0.32,0.11
Overrighteous,,N,,,overrigh,-0.08,0.21,-0.03,-0.05,0.13
Overrigid,,,,,overrigi,-0.13,0.19,0.24,-0.02,0.14
Overrigorous,,,,,overrigo,-0.15,0.03,-0.07,0.13,-0.01
Overscrupulous,,,,,overscru,0.03,0.16,0.05,-0.05,0.11
Oversensitive,,,,,oversens,-0.02,-0.01,0.09,-0.51,-0.05
Overserious,,N,,,overseri,-0.1,0.16,0.42,-0.29,-0.01
Oversevere,,E,,,overseve,-0.37,0.2,0.16,-0.09,-0.06
Overslow,,,,,overslow,0.07,-0.2,0.18,-0.17,0.14
Oversolicitous,,,,,oversoli,-0.05,0.02,-0.02,-0.14,0.18
Overspeedy,,,,,overspee,-0.24,0.03,-0.17,0.05,-0.05
Overstrict,,,,,overstri,-0.29,0.27,0,-0.08,0.1
Overstudious,,,,,overstud,0,0.34,0.11,-0.03,-0.14
Oversubtle,,C,,,oversubt,0.04,0.08,0.15,-0.03,-0.04
Oversuspicious,,,,,oversusp,-0.34,0,0.22,-0.12,0.05
Overtalkative,,A,,,overtalk,-0.18,-0.24,-0.48,-0.19,-0.05
Overthoughtful,,E,,,overthou,-0.03,-0.02,0.01,-0.19,-0.08
Overtrained,,,,,overtrai,-0.11,0.14,0,-0.07,0.03
Overtrusting,,,,,overtrus,0.19,-0.06,-0.1,-0.27,0.06
Overvaliant,,,,,overvali,-0.06,0.15,-0.25,0.1,-0.08
Overviolent,,,,,overviol,-0.43,0.01,-0.01,0.02,-0.17
Overwary,,A,,,overwary,-0.15,0.02,0.26,-0.12,0.01
Overwomanly,,,,,overwoma,0.29,0.04,-0.09,-0.39,-0.06
Overzealous,,N,,,overzeal,-0.1,0.06,-0.17,-0.06,-0.08
Pacifistic,,,,,pacifist,0.38,-0.06,0.12,0.02,-0.02
Painstaking,,A,,,painstak,0.13,0.31,0.12,-0.14,-0.21
Participative,,C,,,particip,0.08,0.15,-0.47,0.11,0.02
Particular,,E,,,particul,-0.11,0.47,0.09,-0.09,-0.09
Passionate,,C,,,passiona,0.04,0.19,-0.32,-0.11,-0.16
Passionless,,E,,,passionl,-0.05,-0.12,0.14,0.2,0.15
Passive,,,,,passive,0.1,0.02,0.3,-0.09,0.34
Patient,,O,E,,patient,0.48,0.15,0.1,0.16,0.15
Patronizing,,A,,,patroniz,-0.2,0.13,-0.17,-0.09,0.24
Peaceful,,,,,peaceful,0.39,0.12,0.12,0.13,0.2
Peacemaking,,A,,,peacemak,0.42,0.26,-0.05,0.03,0.08
Peevish,,A,,,peevish,-0.34,-0.08,0.12,-0.31,-0.02
Penetrative,,A,N,,penetrat,-0.07,0.13,-0.16,0,-0.49
Pensive,,O,,,pensive,0.13,-0.08,0.19,-0.2,-0.19
Peppery,,,,,peppery,-0.23,-0.04,-0.29,0.02,-0.25
Peppy,,,,,peppy,0.1,0.03,-0.59,0.03,-0.11
Perceptive,,E,,,percepti,0.19,0.14,-0.07,0.06,-0.35
Perfectionistic,,O,,,perfecti,-0.05,0.31,0.1,-0.12,-0.17
Perky,,C,,,perky,0.08,0.05,-0.54,-0.03,-0.06
Persecutive,,E,,,persecut,-0.37,0.02,0.05,-0.09,0.14
Persevering,,A,,,persever,0.1,0.3,0.04,0.15,-0.27
Persistent,,C,,,persiste,0.07,0.38,-0.08,0.09,-0.19
Perspectiveless,,C,,,perspect,-0.16,-0.06,0.01,0.06,0.32
Persuadable,,O,,,persuada,0.04,-0.11,0.04,-0.28,0.21
Persuasive,,,,,persuasi,-0.08,0.08,-0.26,0.02,-0.08
Pert,,,,,pert,-0.07,-0.05,-0.34,-0.07,-0.14
Perturbable,,E,,,perturba,-0.09,-0.01,0.07,-0.34,-0.02
Pessimistic,,N,,,pessimis,-0.27,0.01,0.29,-0.24,-0.05
Petty,,,,,petty,-0.18,0,-0.04,-0.3,0.15
Philanthropic,,N,,,philanth,0.21,0.06,-0.15,-0.09,-0.03
Philosophical,,,,,philosop,-0.01,-0.04,-0.01,-0.03,-0.42
Philosophizing,,O,,,philosoz,-0.08,-0.05,-0.05,-0.08,-0.33
Picky,,O,,,picky,-0.32,0.11,-0.03,-0.25,0.05
Pig-headed,,A,,,pig_head,-0.23,-0.1,0.01,-0.1,0
Pious,,,,,pious,-0.02,0.27,-0.06,-0.09,0.22
Pitiless,,,,,pitiless,-0.28,-0.11,0.08,0.33,0.08
Placid,,N,,,placid,0.21,0.18,0.27,0.09,0.21
Plain-dealing,,,,,plain_de,0.22,0.03,0.24,0.14,-0.01
Plain-spoken,,,,,plain_sp,0.11,0.07,0.15,0.06,0.07
Planful,,,,,planful,0.07,0.31,-0.01,-0.07,-0.05
Planless,,C,,,planless,0.07,-0.38,-0.01,0.11,0.17
Playful,,C,,,playful,0.1,-0.06,-0.49,0.06,0.05
Pleasant,,E,,,pleasant,0.38,0.2,-0.3,0.09,0.21
Pleasure-seeking,,E,,,pleasure,-0.2,-0.17,-0.26,0.12,0.2
Pliable,,,,,pliable,0.13,0.09,-0.11,-0.24,0.19
Pliant,,,,,pliant,0.17,0.03,-0.12,-0.11,0.1
Plucky,,,,,plucky,0.14,0,-0.19,0.01,-0.21
Poetic,,,,,poetic,0.15,-0.06,-0.16,-0.13,-0.34
Poised,,O,,,poised,0.16,0.4,-0.15,0.09,0.1
Polished,,C,,,polished,0,0.51,-0.14,0.09,0.17
Polite,,C,,,polite,0.32,0.47,-0.04,-0.03,0.19
Political,,C,A,,politica,0.01,0.16,-0.05,0.13,-0.3
Pompous,,O,,,pompous,-0.23,0.23,-0.14,0.01,0.16
Posed,,,,,posed,-0.26,0.23,-0.11,-0.04,0.2
Possessive,,,,,possessi,-0.28,0.06,-0.07,-0.3,0.11
Pouty,,N,,,pouty,-0.26,-0.01,0.02,-0.36,-0.01
Practical,,N,,,practica,0.06,0.46,0.15,0.24,0.06
Prankish,,C,,,prankish,-0.23,-0.2,-0.33,0.09,0.01
Prayerful,,E,,,prayerfu,0.12,0.25,-0.13,-0.16,0.19
Preachy,,,,,preachy,-0.17,0.18,-0.18,-0.18,0.11
Precise,,,,,precise,-0.06,0.51,0.03,0.1,-0.18
Precondemning,,C,,,preconde,-0.22,0.14,0.02,-0.17,0.15
Predatory,,,,,predator,-0.38,-0.01,0.03,0.16,0.03
Predictable,,A,,,predicta,0.2,0.23,0.08,0.1,0.29
Prejudiced,,,,,prejudic,-0.26,0.06,-0.09,-0.11,0.28
Prejudiceless,,,,,prejudil,0.23,-0.09,0.1,0.16,-0.18
Premeditative,,,,,premedit,0.01,0.25,0.24,-0.07,-0.07
Presumptuous,,,,,presumpt,-0.3,0.07,-0.29,-0.14,0.05
Pretenseful,,A,,,pretensf,-0.34,0.05,-0.02,-0.14,0.14
Pretenseless,,A,,,pretensl,0.38,-0.07,0.06,0.17,-0.12
Pretentious,,A,,,pretenti,-0.37,0.05,-0.2,-0.02,0.18
Prideless,,A,,,prideles,0.22,-0.2,0.2,0,0.07
Prim,,,,,prim,-0.07,0.34,-0.03,-0.11,0.25
Principled,,C,,,principl,0.13,0.35,0,0.13,-0.08
Productive,,C,,,producti,0.13,0.43,-0.12,0.08,-0.19
Profane,,C,,,profane,-0.28,-0.16,0,0.12,0.04
Profound,,,,,profound,-0.14,0.11,-0.1,0.04,-0.32
Progressive,,O,,,progress,0.12,0.13,-0.06,0.22,-0.18
Prompt,,,,,prompt,0.02,0.44,-0.01,0.08,0.04
Proper,,C,,,proper,0.03,0.54,0.06,-0.07,0.27
Prophetic,,C,,,propheti,-0.08,0.1,-0.05,-0.11,-0.21
Protective,,,,,protecti,0.09,0.27,-0.04,-0.14,-0.02
Proud,,,,,proud,-0.15,0.32,-0.14,0.06,0.01
Provincial,,C,,,provinci,-0.17,0.13,-0.04,-0.09,0.15
Provocable,,,,,provocab,-0.2,0.06,-0.12,-0.31,-0.13
Prudent,,N,,,prudent,0.12,0.27,0.24,-0.06,-0.06
Prudish,,,,,prudish,0.06,0.16,0.01,-0.17,0.21
Punctual,,,,,punctual,0.01,0.44,-0.01,0.04,0
Puritanical,,C,,,puritani,0.05,0.27,-0.03,-0.13,0.23
Purposeful,,,,,purposef,0.17,0.5,-0.11,0.03,-0.12
Purposeless,,C,,,purposel,-0.02,-0.41,0.23,0.07,0.18
Purposive,,C,,,purposiv,0.08,0.37,-0.1,0.02,-0.06
Quarrelsome,,C,,,quarrels,-0.52,-0.01,-0.07,-0.16,-0.09
Questioning,,A,,,question,-0.01,-0.03,0.06,0.02,-0.36
Quick,,O,,,quick,0.02,0.25,-0.25,0.19,-0.22
Quick-tempered,,,,,quick_te,-0.39,0.06,-0.07,-0.2,-0.27
Quick-witted,,A,,,quick_wi,-0.14,0.08,-0.18,0.2,-0.28
Quiet,,,,,quiet,0.2,0.16,0.56,-0.02,0.09
Quiet-spoken,,E,,,quiet_sp,0.3,0.13,0.55,0.08,0.03
Rambunctious,,E,,,rambunct,-0.14,-0.11,-0.4,0.09,-0.1
Rascally,,E,,,rascally,-0.29,-0.18,-0.38,0.11,-0.05
Rash,,E,,,rash,-0.22,-0.31,-0.2,-0.17,-0.14
Rational,,C,,,rational,0.19,0.39,0.16,0.17,-0.06
Realistic,,C,,,realisti,0.12,0.3,0.19,0.31,-0.03
Reasonable,,N,,,reasonab,0.37,0.23,0.1,0.17,0.13
Rebellious,,A,,,rebellio,-0.29,-0.24,-0.06,-0.04,-0.47
Reckless,,O,,,reckless,-0.23,-0.38,-0.14,0.03,-0.02
Reclusive,,C,,,reclusiv,0.04,-0.1,0.49,-0.13,0.02
Refined,,E,,,refined,0.15,0.46,0.06,-0.02,0.09
Reflective,,C,,,reflecti,0.2,0.02,0.29,-0.19,-0.29
Reformative,,,,,reformat,0.09,0.16,-0.1,-0.03,-0.03
Relaxed,,,,,relaxed,0.27,0.1,-0.21,0.39,0.07
Relentless,,N,,,relentle,-0.15,0.13,-0.09,0.12,-0.19
Reliable,,,,,reliable,0.12,0.49,0.03,0.04,0.06
Reliant,,C,,,reliant,0.03,0.17,-0.06,-0.18,0.16
Religious,,,,,religiou,0.17,0.31,-0.15,-0.1,0.16
Remorseless,,C,,,remorsel,0,-0.11,0.02,0.27,-0.03
Reproachful,,,,,reproach,-0.18,0.03,0.01,-0.02,0.11
Resentful,,,,,resentfu,-0.41,-0.15,0.11,-0.21,-0.06
Reserved,,A,,,reserved,0.16,0.19,0.53,-0.05,0.06
Resilient,,,,,resilien,0.29,-0.02,0.07,0.13,-0.11
Resourceful,,,,,resource,0.14,0.29,-0.13,0.21,-0.29
Respectful,,,,,respectf,0.37,0.34,-0.03,-0.05,0.29
Responsible,,C,,,responsi,0.22,0.52,0.01,0.02,0
Responsive,,C,,,responsv,0.21,0.17,-0.27,-0.15,-0.24
Restless,,,,,restless,-0.16,-0.23,-0.09,-0.21,-0.13
Restrainable,,,,,restrain,0.06,0.29,0.39,-0.02,0.23
Restrained,,E,,,restrnbl,0.17,0.22,0.13,-0.03,0.26
Retaliative,,,,,retaliat,-0.44,-0.04,0.02,-0.03,-0.07
Retiring,,A,,,retiring,0.02,0.07,0.44,-0.03,0.21
Retortive,,E,,,retortiv,-0.27,-0.05,-0.09,0,-0.23
Revengeful,,,,,revengef,-0.49,-0.13,0.1,-0.03,-0.05
Reverent,,A,,,reverent,0.09,0.26,-0.14,-0.18,0.16
Rigid,,,,,rigid,-0.31,0.28,0.12,-0.04,0.24
Rigorous,,A,,,rigorous,-0.13,0.23,-0.14,0.25,-0.01
Risque,,,,,risque,-0.18,-0.18,-0.12,0.16,-0.09
Ritualistic,,,,,ritualis,-0.06,0.16,-0.06,-0.21,0.11
Rivalrous,,,,,rivalrou,-0.3,0.02,-0.1,0,0.01
Roguish,,A,,,roguish,-0.26,-0.21,-0.2,0.09,-0.16
Rollicking,,,,,rollicki,-0.07,-0.2,-0.49,0.12,0.12
Rootless,,E,,,rootless,-0.12,-0.21,0.07,0.1,-0.08
Rough,,,,,rough,-0.39,-0.1,-0.06,0.36,0.05
Rowdy,,A,,,rowdy,-0.38,-0.16,-0.36,0.14,-0.02
Rude,,A,E,,rude,-0.44,-0.32,-0.08,0.08,-0.1
Rugged,,A,C,,rugged,-0.2,-0.1,-0.06,0.41,-0.02
Ruthless,,N,,,ruthless,-0.49,-0.16,0.03,0.21,-0.05
Saccharine,,A,,,sacchari,-0.04,0.19,-0.14,-0.09,0.33
Sadistic,,O,,,sadistic,-0.37,-0.14,0.06,0.06,0.08
Saintly,,A,,,saintly,0.02,0.17,-0.14,0,0.16
Sarcastic,,,,,sarcasti,-0.34,-0.01,-0.04,-0.02,-0.11
Sassy,,A,,,sassy,-0.27,-0.11,-0.21,-0.1,-0.19
Satiric,,,,,satiric,-0.35,-0.04,0.03,0.04,-0.24
Saucy,,A,,,saucy,-0.14,-0.05,-0.28,-0.08,-0.26
Scampish,,,,,scampish,-0.16,-0.17,-0.29,-0.05,-0.06
Scandalmongering,,,,,scandalm,-0.25,0.05,-0.14,-0.13,0.17
Scatterbrained,,,,,scatterb,0.05,-0.33,-0.17,-0.33,0.15
Scheming,,C,,,scheming,-0.38,-0.03,-0.07,-0.1,0.08
Scholarly,,,,,scholarl,-0.03,0.33,0,0.03,-0.24
Scornful,,C,,,scornful,-0.31,0.06,0.13,-0.14,-0.15
Scrappy,,A,,,scrappy,-0.24,-0.07,0.03,0.1,0.02
Scrupulous,,,,,scrupulo,0.13,0.09,0.12,-0.04,-0.13
Seclusive,,,,,seclusiv,-0.08,0.04,0.48,-0.14,-0.01
Secretive,,E,,,secretiv,-0.15,0.03,0.2,-0.08,-0.03
Sedate,,E,,,sedate,0.08,0.28,0.38,-0.02,0.22
Selfish,,,,,selfish,-0.16,-0.28,0.1,-0.21,-0.07
Selfless,,A,,,selfless,0.33,-0.04,0.04,0.01,-0.05
Sensitive,,N,,,sensitiv,0.22,0.1,-0.03,-0.5,-0.21
Sensual,,,,,sensual,-0.09,-0.06,-0.12,0,-0.11
Sensuous,,,,,sensuous,0.01,-0.02,-0.17,0.04,-0.13
Sentimental,,N,,,sentimen,0.23,0.18,-0.22,-0.4,0.08
Serene,,A,C,,serene,0.33,0.32,0.06,0.15,0.07
Serious,,C,,,serious,0.06,0.36,0.24,-0.12,-0.06
Serious-minded,,C,,,serious_,0.08,0.37,0.27,-0.09,-0.09
Servile,,O,,,servile,-0.1,0.01,0.02,-0.2,0.33
Severe,,A,,,severe,-0.39,0.16,0.1,0.03,-0.11
Sexy,,,,,sexy,-0.06,0.14,-0.23,0.14,-0.03
Shallow,,O,,,shallow,-0.06,0,0.03,-0.08,0.4
Sharp-tongued,,A,O,,sharp_to,-0.43,0.05,-0.07,-0.11,-0.33
Sharp-witted,,O,,,sharp_wi,-0.17,0.12,-0.16,0.14,-0.38
Shiftless,,,,,shiftles,-0.11,-0.08,0.05,0.11,0.19
Shortsighted,,,,,short_sp,-0.05,-0.05,0.41,-0.01,0
Short-spoken,,E,,,short_te,-0.35,0.08,-0.04,-0.22,-0.21
Short-tempered,,A,,,shortsig,0.03,-0.17,0.07,-0.26,0.21
Showy,,E,A,,showy,-0.31,-0.08,-0.42,-0.04,-0.01
Shrewd,,,,,shrewd,-0.26,0.1,0.02,0.22,-0.27
Shrewish,,A,,,shrewish,-0.31,0.05,-0.04,-0.12,-0.11
Shrinking,,N,,,shrinkin,-0.02,-0.11,0.25,-0.33,0.17
Shy,,E,,,shy,0.09,0.09,0.52,-0.15,0.13
Silent,,E,,,silent,0.12,0.13,0.53,0.01,0.19
Simple,,,,,simple,0.19,-0.01,0.01,-0.03,0.25
Sincere,,A,,,sincere,0.36,0.25,-0.03,-0.07,-0.05
Single-minded,,,,,single_m,-0.08,0.09,0.15,0.06,-0.01
Skeptical,,E,,,skeptica,-0.2,0.07,0.32,0.04,-0.24
Slanderous,,A,,,slandero,-0.45,-0.04,0.02,-0.02,0.02
Self-assertive,,E,,,self_ast,-0.2,0.15,-0.4,0.21,-0.19
Self-assured,,N,E,,self_asu,-0.01,0.23,-0.37,0.39,-0.12
Self-centered,,,,,self_cen,-0.28,-0.11,-0.03,-0.09,0
Self-confident,,N,E,,self_cof,0.06,0.26,-0.33,0.43,-0.1
Self-conscious,,,,,self_con,-0.05,0.12,0.23,-0.18,0.17
Self-consistent,,C,N,,self_cos,0.16,0.44,0.07,0.32,0.04
Self-controlled,,C,,,self_cot,0.28,0.39,0.12,0.25,0.12
Self-critical,,,,,self_cri,0.09,-0.02,0.05,-0.26,-0.01
Self-deceiving,,N,,,self_dec,-0.13,-0.18,0.05,-0.35,0.15
Self-defeating,,N,,,self_def,-0.09,0.06,-0.01,-0.14,-0.03
Self-defensive,,,,,self_del,-0.19,-0.09,0.07,-0.4,0.21
Self-deluding,,N,,,self_den,0.06,0.2,0.04,-0.11,0.01
Self-denying,,,,,self_dep,-0.09,-0.16,0.17,-0.34,0.16
Self-deprecating,,N,,,self_des,-0.17,-0.15,0.17,-0.38,0.07
Self-destructive,,N,,,self_dft,-0.16,-0.13,0.13,-0.41,0.14
Self-disciplined,,C,,,self_dis,0.15,0.44,0.03,0.2,0.01
Self-disparaging,,N,,,self_dou,0.03,-0.2,0.24,-0.46,0.13
Self-doubting,,,,,self_dsp,-0.08,-0.11,0.21,-0.32,0.12
Self-effacing,,,,,self_eff,-0.01,-0.04,0.22,-0.22,0.29
Self-examining,,,,,self_exa,0.12,0.01,0.14,-0.13,-0.11
Self-excusing,,,,,self_exc,-0.19,-0.05,0.01,-0.22,0.12
Self-expressive,,,,,self_exp,0.09,0.07,-0.35,0.12,-0.29
Self-important,,,,,self_imp,-0.19,0.08,-0.21,0.14,0.04
Self-indulgent,,,,,self_ind,-0.26,-0.13,-0.14,-0.13,0.05
Self-pitying,,N,,,self_pit,-0.17,-0.13,0.14,-0.5,0.04
Self-possessed,,,,,self_pos,0.03,0,0.06,0,-0.1
Self-punishing,,N,,,self_pun,-0.13,-0.05,0.12,-0.31,0.03
Self-reliant,,,,,self_rel,0.13,0.24,-0.06,0.25,-0.16
Self-reproachful,,N,,,self_rep,0.04,-0.06,0.11,-0.31,-0.08
Self-respecting,,,,,self_rev,-0.05,-0.02,-0.32,-0.13,-0.02
Self-restrained,,,,,self_rig,-0.2,0.23,-0.2,-0.02,0.19
Self-revealing,,C,,,self_rsp,0.17,0.32,-0.13,0.12,-0.05
Self-righteous,,C,,,self_rst,0.24,0.35,0.25,0.11,0.15
Self-sacrificing,,C,,,self_sac,0.05,0.32,-0.14,-0.08,0.06
Self-satisfied,,N,,,self_sat,-0.01,0.27,-0.25,0.37,0.22
Self-seeking,,,,,self_see,-0.14,-0.02,-0.05,-0.02,0.06
Self-sufficient,,,,,self_suf,0.04,0.18,-0.06,0.29,-0.09
Self-willed,,,,,self_wil,-0.18,0.18,-0.08,0.2,-0.2
Slick,,,,,slick,-0.25,0.25,-0.21,0.06,0.17
Sloppy,,C,,,sloppy,0.02,-0.42,0.04,0.03,0.01
Slothful,,,,,slothful,-0.14,-0.22,0.16,-0.03,0.05
Slovenly,,,,,slovenly,-0.2,-0.27,0.16,0,0.13
Slow,,,,,slow,0.13,-0.19,0.24,-0.16,0.28
Slow-witted,,O,,,slow_wit,0.18,-0.09,0.11,-0.21,0.33
Sluggish,,,,,sluggish,-0.01,-0.2,0.24,-0.29,0.15
Sly,,A,,,sly,-0.39,0.08,-0.06,0.21,0.03
Smart,,,,,smart,0.03,0.24,-0.02,0.13,-0.27
Smooth-spoken,,,,,smooth_s,0.01,0.24,-0.21,0.2,-0.16
Smug,,,,,smug,-0.23,0.11,-0.12,-0.12,0
Sneaky,,A,,,sneaky,-0.42,-0.09,-0.1,0.05,0.1
Snobbish,,,,,snobbish,-0.19,0.03,0.02,-0.24,0.02
Snoopy,,,,,snoopy,-0.22,-0.07,-0.22,-0.11,0.03
Snooty,,,,,snooty,-0.18,0.13,0,-0.16,0.04
Sober-minded,,C,,,sober_mi,0.03,0.37,0.35,0.03,0.06
Sociable,,E,,,sociable,0.22,0.17,-0.43,-0.01,0.05
Social,,E,,,social,0.1,0.23,-0.43,0.04,0.13
Soft-hearted,,A,,,soft_hea,0.35,0.06,-0.16,-0.28,0.06
Soft-shelled,,N,,,soft_she,0.21,-0.04,-0.04,-0.43,0.19
Soft-spoken,,E,A,,soft_spo,0.32,0.15,0.39,-0.02,0.07
Solemn,,E,,,solemn,0.01,0.26,0.35,-0.05,0
Solicitous,,,,,solicito,0.07,0.02,-0.02,-0.13,-0.03
Somber,,E,,,somber,-0.13,0.2,0.36,-0.05,-0.02
Sophisticated,,C,,,sophisti,0.04,0.42,-0.05,0.14,0
Sour,,E,,,sour,-0.36,-0.06,0.3,-0.07,-0.02
Sparkling,,E,,,sparklin,0.06,0.06,-0.55,-0.01,0.02
Speedy,,E,,,speedy,-0.1,0.27,-0.3,0.16,-0.1
Spineless,,,,,spineles,0,-0.07,0.16,-0.29,0.14
Spirited,,E,,,spirited,0.09,0.09,-0.5,0.02,-0.17
Spiritless,,,,,spiritle,0.04,-0.17,0.26,0.07,0.23
Spiritual,,,,,spiritua,0.16,0.18,-0.14,-0.18,-0.1
Spiteful,,A,,,spiteful,-0.53,-0.05,0.05,-0.16,-0.08
Spontaneous,,E,,,spontane,0.1,-0.04,-0.38,0.06,-0.28
Sportsmanlike,,N,,,sportsma,0.13,0.18,-0.15,0.31,0.06
Sprightly,,E,,,sprightl,0.15,0.11,-0.38,0.14,-0.08
Spry,,,,,spry,0.21,0.13,-0.25,0.25,-0.07
Spunky,,E,,,spunky,0.12,0.08,-0.4,0.12,-0.14
Squeamish,,N,,,squemish,0.08,-0.09,-0.08,-0.36,-0.03
Stable,,C,,,stable,0.24,0.49,-0.01,0.31,0.04
Stalwart,,C,,,stalwart,-0.04,0.33,-0.03,0.26,-0.12
Stand-offish,,E,,,stand_of,-0.06,0.02,0.49,-0.11,-0.02
Statesmanlike,,,,,statesma,-0.07,0.21,-0.08,0.15,-0.1
Steadfast,,,,,steadfas,0.16,0.29,0.07,0.15,-0.08
Steady,,C,,,steady,0.21,0.38,0.08,0.25,0.01
Stern,,C,,,stern,-0.38,0.4,0.07,0.01,0.06
Stingy,,,,,stingy,-0.15,0.02,0.13,-0.07,0.04
Stormy,,,,,stormy,-0.34,-0.14,0.02,-0.19,-0.25
Stout-hearted,,,,,stout_he,-0.04,0.07,-0.08,0.24,-0.21
Straightforward,,,,,straight,0.08,0.1,-0.11,0.24,-0.22
Straitlaced,,C,,,strait_l,-0.02,0.32,0.11,-0.11,0.21
Strict,,C,,,strict,-0.15,0.42,0.01,-0.01,-0.01
Stringent,,C,,,stringen,-0.27,0.41,0.05,0.02,0.01
Strong-minded,,O,,,strong_m,-0.06,0.28,-0.16,0.18,-0.35
Stubborn,,,,,stubborn,-0.22,0.05,-0.08,-0.04,-0.15
Stuck-up,,,,,stuck_up,-0.26,-0.01,0.02,-0.13,0.01
Studious,,C,,,studious,0.16,0.44,0.03,-0.05,-0.18
Stuffy,,,,,stuffy,-0.18,0.08,0.17,-0.17,0.08
Suave,,C,,,suave,-0.13,0.3,-0.2,0.22,0.08
Subjective,,,,,subjecti,-0.02,0.03,-0.06,-0.17,-0.04
Submissive,,O,,,submissi,0.2,0.03,0.08,-0.28,0.38
Sugary,,O,,,sugary,-0.04,0.21,-0.26,-0.12,0.35
Suggestible,,,,,suggesti,-0.05,-0.03,-0.06,-0.11,0.11
Sulky,,N,A,,sulky,-0.33,-0.08,0.24,-0.4,-0.05
Sullen,,E,,,sullen,-0.28,-0.01,0.35,-0.21,0.1
Sultry,,,,,sultry,-0.16,-0.03,0.08,-0.2,-0.11
Sunny,,E,,,sunny,0.24,0.03,-0.51,-0.02,0.11
Superficial,,,,,superfic,-0.15,-0.03,-0.01,-0.18,0.26
Supersensitive,,N,,,supersen,-0.04,0.04,0.05,-0.52,-0.09
Superstitious,,,,,supersti,-0.03,0.09,-0.16,-0.11,0.16
Surly,,A,,,surly,-0.41,0.13,0.05,0.05,0.08
Suspicious,,A,,,suspicio,-0.39,0.05,0.16,-0.06,0.01
Swellheaded,,,,,swellhea,-0.24,-0.05,-0.13,-0.1,0.09
Sympathetic,,A,,,sympathe,0.45,0.11,-0.11,-0.2,-0.01
Systematic,,C,,,systemat,0.04,0.46,0.14,0.06,-0.04
Taciturn,,,,,tactful,0.28,0.31,0.09,0.17,0
Tactful,,C,,,tactless,-0.14,-0.3,-0.1,-0.07,0.06
Tactless,,C,,,talkativ,-0.1,-0.02,-0.6,-0.11,-0.06
Talkative,,E,,,tame,0.26,0.23,0.11,-0.11,0.47
Tame,,O,,,tasteful,0.14,0.23,0,0.08,-0.02
Tasteful,,,,,tasteles,-0.05,-0.14,0.13,0.06,0.13
Tasteless,,,,,teachabl,0.2,0.16,0.03,0.07,0.06
Teachable,,,,,temperam,-0.33,0.02,-0.02,-0.39,-0.25
Temperamental,,N,,,temperat,0.22,0.11,0.16,0.01,0.07
Temperate,,,,,tempestu,-0.3,-0.07,-0.2,-0.14,-0.29
Tempestuous,,A,,,temptabl,-0.11,-0.23,-0.09,-0.22,0.02
Temptable,,,,,tenaciou,-0.04,0.21,-0.08,0.04,-0.25
Tenacious,,,,,tender,0.4,0.14,-0.17,-0.32,-0.18
Tender,,A,N,,tender_h,0.47,0.16,-0.21,-0.34,0
Tender-hearted,,A,N,,tendermi,0.31,0.06,-0.15,-0.26,0.18
Tenderminded,,A,,,tense,-0.19,0.11,0.21,-0.48,-0.1
Tense,,N,,,tentativ,-0.03,-0.11,0.1,-0.22,0.14
Tentative,,,,,terse,-0.12,0.25,0.11,0.08,-0.01
Terse,,,,,testy,-0.36,0.09,0,-0.03,-0.05
Testy,,A,,,thick_he,-0.08,-0.22,0.01,-0.13,0.12
Thick-headed,,,,,thick_sk,-0.15,-0.09,0.06,0.45,0.01
Thick-skinned,,N,,,thick_wi,-0.06,0.03,0.04,-0.09,0.19
Thick-witted,,,,,thin_ski,0.18,-0.06,0.04,-0.37,-0.01
Thin-skinned,,N,,,thorougg,-0.08,0.53,-0.04,0.11,-0.17
Thorough,,C,,,thorough,-0.02,0.57,0,0.08,-0.23
Thoroughgoing,,C,,,thoughtf,0.38,0.26,0,-0.08,0.01
Thoughtful,,A,,,thoughtl,0,-0.25,0.01,-0.04,-0.06
Thoughtless,,,,,thriftle,-0.04,-0.19,-0.02,-0.09,0.05
Thriftless,,,,,thrifty,0.08,0.24,0.02,0.06,-0.02
Thrifty,,,,,tidy,0.15,0.48,0.03,-0.08,0.08
Tidy,,C,,,tight,-0.16,0.17,0.12,0,0.04
Tight,,,,,tight_li,0.05,0.18,0.3,0.12,0.1
Tight-lipped,,E,,,timid,0.2,0.05,0.44,-0.35,0.15
Timid,,E,,,timorous,0.03,0.09,0.2,-0.3,0.21
Timorous,,N,,,tireless,0.01,0.09,-0.08,0.35,-0.11
Tireless,,N,,,tolerant,0.51,-0.02,0.17,0.21,0.02
Tolerant,,,,,touchy,-0.2,0,0.07,-0.46,-0.02
Touchy,,N,,,tough,-0.28,0.1,-0.06,0.46,-0.05
Tough,,N,,,tough_mi,-0.29,0.07,0.04,0.4,-0.11
Tough-minded,,N,,,traditio,0.07,0.25,0.02,-0.07,0.37
Traditional,,O,,,transpar,0.17,-0.02,-0.1,-0.18,0.14
Transparent,,,,,treacher,-0.38,0.01,-0.05,0.02,0.01
Treacherous,,A,,,tricky,-0.43,-0.02,-0.07,0.18,0.13
Tricky,,A,,,trustful,0.32,0.2,-0.07,0.03,0.24
Trustful,,A,,,trustwor,0.3,0.33,0.12,0.19,0.03
Trustworthy,,C,A,,truthful,0.29,0.25,0.06,0.16,-0.04
Truthful,,,,,truthles,-0.13,-0.15,-0.02,-0.04,0.12
Truthless,,,,,twitchy,-0.08,-0.04,-0.03,-0.14,-0.08
Twitchy,,,,,tyrannic,-0.43,0.11,-0.04,-0.09,-0.07
Tyrannical,,A,,,ultracon,0.03,0.31,0.03,-0.09,0.21
Ultraconservative,,C,,,ultracri,-0.32,0.06,0.2,-0.12,-0.13
Ultracritical,,A,,,ultradem,0,0.16,0.08,0.04,-0.12
Ultrademocratic,,,,,ultrafas,-0.09,0.32,0.08,0.05,-0.13
Ultrafastidious,,C,,,ultraint,-0.09,0.24,0.04,0.03,-0.29
Ultraintellectual,,,,,ultraref,-0.04,0.39,-0.03,0,-0.04
Ultrarefined,,C,,,ultrarel,0.04,0.34,-0.09,-0.11,0.09
Ultrareligious,,C,,,ultrasen,-0.14,0.02,-0.05,-0.02,-0.13
Ultrasensual,,,,,ultrasnt,0.03,0.13,-0.15,-0.4,0.08
Ultrasentimental,,N,,,ultraspi,0.1,0.19,-0.07,-0.18,-0.13
Ultraspiritual,,,,,unaccess,-0.02,0.01,0.22,0.03,0.01
Unaccessible,,,,,unaccomm,-0.11,-0.01,0.1,0.09,-0.01
Unaccommodating,,C,,,unaccomp,0.1,-0.35,0.24,-0.17,0.05
Unaccomplished,,,,,unadapta,-0.14,-0.01,0.1,-0.1,0.06
Unadaptable,,,,,unadulte,0.28,0.11,0,-0.06,0.03
Unadulterous,,,,,unadvent,0.2,0.03,0.34,-0.3,0.11
Unadventurous,,E,,,unaffabl,-0.06,0.04,0.08,0.12,0.1
Unaffable,,,,,unaffctn,-0.02,-0.16,0.27,0.21,0.08
Unaffected,,,,,unaffect,0.27,-0.06,0.12,0.07,-0.23
Unaffectionate,,,,,unagreea,-0.23,-0.05,0.12,0,-0.03
Unaggressive,,A,E,,unagress,0.37,-0.03,0.34,-0.09,0.15
Unagreeable,,,,,unaiding,-0.09,-0.18,0.23,0.24,0.03
Unaiding,,,,,unalert,0.1,-0.25,0.17,-0.17,0.26
Unalert,,,,,unaltera,-0.05,0,0.04,0.24,0.02
Unalterable,,,,,unambiti,0.19,-0.37,0.24,0,0.07
Unambitious,,C,,,unamiabl,-0.03,-0.02,0.31,0.12,-0.08
Unamiable,,E,,,unamusab,0.04,0.08,0.21,0.08,0
Unamusable,,,,,unanalyt,0.24,-0.23,-0.04,-0.02,0.29
Unanalytic,,,,,unanchor,0.03,-0.31,0.03,0.15,-0.02
Unanchored,,,,,unanimat,-0.06,-0.01,0.32,0.15,0.25
Unanimated,,E,,,unapproa,-0.09,0.02,0.37,0.04,-0.1
Unapproachable,,E,,,unargume,0.42,0.01,0.12,0.05,0.29
Unargumentative,,A,,,unartist,0.07,-0.11,0.04,0.11,0.22
Unartistic,,,,,unaspiri,0.09,-0.25,0.13,-0.01,0.34
Unaspiring,,O,,,unassert,0.28,-0.22,0.46,-0.11,0.19
Unassertive,,E,,,unassist,0.01,-0.23,0.29,0.26,0.08
Unassisting,,,,,unassumi,0.35,-0.2,0.29,-0.12,-0.12
Unassuming,,A,,,unassure,0.11,-0.34,0.42,-0.34,0.17
Unassured,,E,N,,unauthor,0.38,-0.26,0.32,-0.03,0.22
Unauthoritative,,A,E,,unbashfu,0.03,-0.12,-0.38,0.28,-0.07
Unbashful,,E,,,unbellig,0.43,0,0.09,-0.01,0.06
Unbelligerent,,A,,,unbendab,-0.12,0.07,0.05,0.21,-0.05
Unbendable,,,,,unbendin,-0.12,0.05,0.02,0.22,-0.01
Unbending,,,,,unbenevo,-0.13,-0.08,0.19,0.22,0.12
Unbenevolent,,,,,unbewail,0.28,-0.11,0.1,0.34,-0.16
Unbewailing,,N,,,unbiased,0.35,-0.1,0.05,0.21,-0.21
Unbiased,,A,,,unbigote,0.28,-0.09,0.06,0.16,-0.17
Unbigoted,,,,,unblushi,-0.05,-0.07,-0.01,0.38,-0.1
Unblushing,,N,,,unboastf,0.33,0,0.29,0.2,-0.03
Unboastful,,A,,,unbold,0.23,-0.08,0.33,-0.23,0.24
Unbold,,E,,,unbookis,0.11,-0.11,0.02,0.09,0.36
Unbookish,,O,,,unbridle,0.01,-0.23,-0.07,0.21,-0.1
Unbridled,,,,,unbusine,0.31,-0.47,0.01,0,-0.02
Unbusinesslike,,C,,,uncalcul,0.52,-0.22,-0.03,-0.11,-0.03
Uncalculating,,A,,,uncandid,0.18,0.02,0.22,-0.07,0.23
Uncandid,,,,,uncarefu,0.09,-0.48,-0.08,0.03,0.02
Uncarbable,,,,,uncautio,0.07,-0.45,-0.12,0.15,-0.07
Uncareful,,C,,,unceremo,0.22,-0.33,0.2,0.2,-0.14
Uncautious,,C,,,unchange,0,0.15,0.11,0.24,0
Unceremonious,,C,,,unchangi,0,0.14,0.13,0.26,0.08
Unchangeable,,,,,uncharit,-0.23,-0.2,0.24,0.26,0
Unchanging,,,,,unchaste,-0.08,-0.21,0.06,0.11,-0.12
Uncharitable,,,,,uncheerf,0.04,0.04,0.62,-0.05,-0.1
Unchaste,,,,,uncheery,-0.03,-0.01,0.64,0.05,-0.08
Uncheerful,,E,,,unchival,0.16,-0.22,0.23,-0.07,0.01
Uncheery,,E,,,uncivil,-0.13,-0.3,0.14,0.11,-0.11
Unchivalrous,,,,,uncivili,0.11,-0.38,0.04,0.02,-0.19
Uncivil,,C,,,uncommun,0.02,-0.14,0.58,0.02,0.07
Uncivilized,,C,,,uncompan,0.06,-0.15,0.49,0.05,-0.1
Uncommunicative,,E,,,uncompas,-0.16,-0.18,0.33,0.35,0.17
Uncompanionable,,E,,,uncompet,0.41,-0.13,0.26,-0.14,-0.04
Uncompassionate,,N,E,,uncompla,0.4,0.02,0.11,0.41,0.07
Uncompetitive,,,,,uncompls,-0.01,-0.13,0.13,0.1,-0.26
Uncomplaining,,A,N,,uncompro,-0.08,-0.02,0.12,0.23,-0.21
Uncomplaisant,,,,,unconcea,0.15,-0.06,-0.09,0.07,-0.12
Uncompromising,,,,,unconcil,-0.18,-0.14,0.11,0.17,-0.01
Unconcealing,,,,,unconfdg,0.11,-0.09,0.36,0.27,-0.05
Unconciliatory,,,,,unconfid,0.13,-0.28,0.4,-0.34,0.17
Unconfident,,E,N,,unconfor,-0.02,-0.29,0.14,0.16,-0.35
Unconfiding,,E,,,unconsci,-0.11,-0.42,0.07,0.13,0.19
Unconformable,,O,,,unconstb,0.03,-0.26,-0.13,0.2,-0.19
Unconscientious,,C,,,unconstc,0.07,-0.33,0.12,-0.02,0.23
Unconstrainable,,,,,unconstr,0.06,-0.22,-0.16,0.17,-0.26
Unconstrained,,,,,uncontra,0.12,0.1,0.04,0.25,0.07
Unconstructive,,N,,,uncontri,0.34,-0.11,0.13,0.04,-0.08
Uncontradictable,,,,,uncontro,-0.16,-0.34,-0.11,-0.01,-0.14
Uncontriving,,A,,,unconven,0.05,-0.35,-0.02,0.13,-0.4
Uncontrolled,,C,,,uncooper,-0.29,-0.18,0.1,0.11,-0.1
Unconventional,,O,,,uncordia,-0.17,-0.23,0.3,0.23,-0.15
Uncooperative,,,,,uncourte,-0.18,-0.36,0.13,0.24,-0.11
Uncordial,,E,,,uncourtl,0.21,-0.28,0.13,0.08,-0.05
Uncourteous,,C,,,uncouth,-0.1,-0.29,0.03,0.11,-0.12
Uncourtly,,,,,uncrafty,0.42,-0.17,0.11,-0.14,-0.04
Uncouth,,,,,uncreati,0.1,-0.1,0.17,-0.03,0.21
Uncrafty,,A,,,uncritic,0.49,0,-0.03,0.08,0.12
Uncreative,,,,,uncultiv,0.08,-0.39,0.21,0.08,-0.03
Uncritical,,A,,,uncultur,0.1,-0.33,0.17,0.03,0.02
Uncultivated,,C,,,uncunnin,0.46,-0.19,0.14,-0.1,-0.03
Uncultured,,C,,,uncurbab,0,-0.2,-0.08,0.17,-0.18
Uncunning,,A,,,uncuriou,0.16,0.07,0.2,0.03,0.28
Uncurious,,,,,undeceiv,0.06,0.08,0.03,0.27,-0.02
Undeceivable,,,,,undecept,0.44,0.03,0.02,0.03,-0.12
Undeceptive,,A,,,undefeat,0.12,0.12,-0.02,0.34,-0.09
Undefeatable,,N,,,undelayi,0.15,0.26,-0.03,0.22,-0.05
Undelaying,,,,,undelibe,0.28,-0.3,-0.07,-0.03,0.08
Undeliberate,,,,,undelibv,0.32,-0.25,-0.15,-0.03,0.13
Undeliberative,,A,,,undemand,0.45,-0.05,0.12,0.22,0.13
Undemanding,,A,,,undemocr,-0.03,-0.15,0.1,0.07,0.03
Undemocratic,,,,,undemons,0.2,-0.01,0.37,0.1,0.23
Undemonstrative,,E,,,undepend,0.07,-0.45,0.01,0.06,0.08
Undependable,,C,,,underhan,-0.35,-0.15,0.06,0.1,0.16
Underhanded,,A,,,underoga,0.39,0.04,0.08,0.14,0.04
Underogatory,,A,,,understa,0.4,0.07,-0.03,-0.04,0.01
Understanding,,,,,underwit,0.19,0,0.04,-0.08,0.37
Underwitted,,O,,,undespai,0.23,-0.02,-0.19,0.33,0.02
Undespairing,,N,,,undespon,0.23,-0.12,-0.09,0.22,-0.05
Undespondent,,,,,undeviat,0.26,0.24,-0.02,0.18,0
Undeviating,,,,,undeviou,0.43,0,0.04,0.09,-0.06
Undevious,,A,,,undevout,0.08,-0.35,0.16,0.14,-0.16
Undevout,,C,,,undignif,0.1,-0.53,0.08,0.02,-0.11
Undignified,,C,,,undilige,0.06,-0.47,0.06,0.07,0.09
Undiligent,,C,,,undiplom,0.02,-0.29,0.08,0,0.09
Undiplomatic,,,,,undisapp,0.23,-0.01,-0.05,0.47,0
Undisappointable,,N,,,undiscer,0.07,-0.13,-0.04,0.05,0.28
Undiscerning,,,,,undiscip,0.03,-0.59,-0.04,0.04,-0.18
Undisciplined,,C,,,undiscou,0.16,-0.06,-0.13,0.35,-0.2
Undiscriminating,,,,,undiscri,0.21,-0.07,-0.08,0.06,0.26
Undisguised,,A,,,undisgui,0.33,-0.11,-0.08,0.19,-0.01
Undisturbable,,N,A,,undistur,0.31,-0.04,0.03,0.5,-0.02
Undogmatic,,A,,,undivert,0.15,0.15,0.13,0.32,-0.12
Undramatic,,E,,,undogmat,0.3,-0.22,0.22,0.14,-0.06
Undutiful,,C,,,undramat,0.21,0.01,0.37,0.28,0.24
Uneager,,,,,undutifu,-0.01,-0.5,0.11,0.17,-0.11
Unealous,,,,,uneager,0.07,-0.09,0.49,0.16,0.09
Unearnest,,,,,unearnes,-0.02,-0.2,0.24,0.23,0.15
Uneconomical,,C,,,uneconom,0.06,-0.32,0,-0.06,-0.05
Uneducated,,C,,,uneducat,0.15,-0.34,0.08,0.03,-0.01
Unelusive,,,,,unelusiv,0.28,-0.04,-0.01,0.12,0.09
Unembittered,,A,,,unembitt,0.43,-0.08,-0.03,0.21,0.1
Unemotional,,N,,,unemotio,0.01,-0.17,0.29,0.61,0.12
Unemphatic,,,,,unemphat,0.24,-0.1,0.36,0.16,0.22
Unenlightened,,,,,unenligh,0.12,-0.22,0.11,-0.08,0.21
Unenterprising,,C,,,unenterp,0.24,-0.31,0.21,-0.05,0.23
Unenthusiastic,,E,,,unenthus,0.09,-0.11,0.58,0.02,0.14
Unenvious,,A,,,unenviou,0.34,-0.02,0.08,0.27,-0.03
Unerring,,N,,,unerring,0.07,0.2,0.09,0.35,0.04
Unethical,,C,,,unethica,-0.13,-0.38,0.03,0.16,0.05
Unexacting,,C,,,unexacti,0.31,-0.38,0.05,0.06,0.14
Unexcitable,,E,,,unexcita,0.02,-0.07,0.43,0.48,0.06
Unexpansive,,E,,,unexpans,0.18,-0.11,0.36,0.17,0.15
Unexplosive,,A,,,unexplos,0.47,-0.02,0.28,0.19,0.2
Unextravagant,,,,,unextrav,0.24,-0.04,0.22,0.22,-0.08
Unfailing,,N,,,unfailin,0.15,0.11,0.01,0.31,-0.09
Unfair,,,,,unfair,-0.1,-0.16,0.06,-0.13,0.02
Unfaithful,,C,,,unfaithf,-0.12,-0.36,0.11,0.11,-0.04
Unfaltering,,N,,,unfalter,0.2,0.14,-0.01,0.42,-0.08
Unfearing,,N,,,unfearin,0.13,0.01,0,0.51,-0.13
Unfeeling,,N,E,,unfeelin,-0.07,-0.13,0.33,0.56,0.15
Unfeigning,,A,,,unfeigni,0.44,-0.08,0.1,0.21,-0.13
Unfeminine,,N,,,unfemini,-0.27,-0.11,0.17,0.51,0.04
Unflinching,,N,,,unflinch,0.07,0.14,0.06,0.44,-0.07
Unfluctuating,,N,,,unfluctu,0.09,0.28,0.03,0.38,0.03
Unfluent,,,,,unfluent,0.06,-0.17,0.22,-0.06,0.26
Unforbearing,,,,,unforbea,0.17,-0.2,0.2,0.03,0.07
Unforcible,,A,,,unforcib,0.32,-0.08,0.18,-0.03,0.04
Unforgetful,,,,,unforget,-0.01,0.25,0.08,0.26,-0.08
Unforgiving,,,,,unforgiv,-0.19,-0.02,0.18,0.08,-0.12
Unforseeing,,,,,unforsee,0.14,-0.26,0.1,-0.1,0.16
Unfraternal,,,,,unfrater,0.05,-0.02,0.22,0.09,0
Unfriendly,,E,,,unfriend,-0.14,0.01,0.39,0.06,-0.02
Unfrugal,,,,,unfrugal,0.11,-0.15,-0.02,0.03,-0.05
Ungallant,,,,,ungallan,0.24,-0.16,0.19,-0.14,0.07
Ungenerous,,E,,,ungenero,-0.1,-0.16,0.32,0.17,-0.02
Ungenteel,,C,,,ungentee,0,-0.4,0.26,0.16,-0.09
Ungentle,,,,,ungentle,-0.12,-0.16,0.15,0.09,0.1
Ungentlemanly,,,,,ungentlm,0.22,-0.13,0.04,-0.28,0.02
Ungiving,,E,,,ungiving,-0.09,-0.17,0.31,0.22,0.11
Ungovernable,,C,,,ungovern,-0.12,-0.35,-0.03,0.03,-0.31
Ungraceful,,C,,,ungracef,-0.05,-0.41,0.19,-0.01,-0.02
Ungracious,,,,,ungracio,-0.2,-0.28,0.25,0.23,0
Ungregarious,,E,,,ungregar,0.07,0.04,0.41,0.11,-0.03
Ungrudging,,A,,,ungrudgi,0.45,-0.02,-0.07,0.06,-0.02
Unguarded,,,,,unguarde,0.25,-0.22,-0.15,0.01,-0.05
Unhardened,,A,,,unharden,0.44,-0.06,-0.16,-0.13,-0.02
Unhardy,,N,,,unhardy,0.17,0.01,0.1,-0.33,0.2
Unharming,,A,,,unharmin,0.37,0.03,-0.09,0,-0.07
Unhasty,,A,,,unharmon,-0.28,-0.17,0.15,0.02,0.05
Unheedful,,,,,unhasty,0.35,0.11,0.26,0.23,0.02
Unhelpful,,,,,unheedfu,-0.1,-0.18,-0.04,0.07,-0.02
Unheroic,,,,,unhelpfu,0.02,-0.29,0.19,0.06,-0.02
Unhurried,,,,,unheroic,0.29,-0.22,0.23,-0.12,0.1
Unimaginative,,O,,,unhurrie,0.29,-0.1,0.22,0.29,0.08
Unimpassionate,,,,,unimagin,0.16,0.04,0.17,-0.06,0.33
Unimpatient,,A,,,unimpass,0.14,-0.11,0.18,0.12,0.1
Unimpressible,,,,,unimpati,0.44,0.11,0.1,0.24,0.1
Unimpressionable,,,,,unimpren,0.17,0,0.18,0.33,-0.14
Unindulgent,,A,,,unimpres,0.22,-0.01,0.2,0.18,-0.11
Unindustrious,,C,,,unindulg,0.31,0.06,0.22,0.16,0.02
Uninformed,,O,,,unindust,0.04,-0.39,0.13,-0.04,0.28
Uningenious,,O,,,uninform,0.2,-0.29,0.1,-0.17,0.3
Uninhibited,,N,E,,uningeni,0.24,-0.15,0.11,-0.14,0.42
Uninquiring,,O,,,uninhibi,0.08,-0.14,-0.3,0.31,-0.18
Uninquisitive,,O,,,uninquir,0.15,-0.01,0.19,0.01,0.38
Unintellectual,,C,,,uninquis,0.17,0,0.16,0.06,0.42
Unintelligent,,O,,,unintell,0.22,-0.09,0.06,-0.11,0.33
Unintrospective,,O,,,unintlct,0.25,-0.32,0.1,-0.05,0.22
Uninventive,,O,,,unintros,0.08,0.05,0,0.08,0.37
Uninvestigative,,O,,,uninvent,0.2,-0.07,0.14,-0.03,0.37
Unkind,,,,,uninvest,0.26,-0.05,0.23,-0.06,0.33
Unkindly,,,,,unjealou,0.42,0.03,0.02,0.32,0.02
Unladylike,,N,,,unjoyful,0,-0.05,0.51,-0.01,-0.07
Unlearned,,,,,unkind,-0.09,-0.23,0.25,0.17,0
Unliterary,,,,,unkindly,-0.07,-0.2,0.24,0.23,-0.04
Unlively,,E,,,unladyli,-0.26,-0.18,0.14,0.36,-0.06
Unloving,,,,,unlearne,0.22,-0.29,0.13,-0.06,0.12
Unmaidenly,,N,,,unlitera,0.08,-0.25,0.2,0.02,0.27
Unmalicious,,A,,,unlively,0.17,-0.08,0.55,-0.08,0.11
Unmalleable,,,,,unloving,0,-0.06,0.4,0.26,0.15
Unmanly,,N,,,unmaiden,-0.2,-0.11,0.22,0.36,0
Unmannered,,C,,,unmalici,0.39,-0.06,0.04,0.06,0.01
Unmasculine,,N,,,unmallea,0.08,0.07,-0.05,0.24,-0.07
Unmeddling,,A,,,unmanly,0.41,0.02,-0.1,-0.47,0.02
Unmeek,,,,,unmanner,0.04,-0.46,0.09,0.12,-0.08
Unmelancholy,,,,,unmascul,0.41,0.01,-0.1,-0.52,-0.01
Unmercenary,,A,,,unmeddli,0.31,0.01,0.28,0.27,0.03
Unmerciful,,,,,unmeek,0.07,-0.2,-0.22,0.11,-0.22
Unmerry,,E,,,unmelanc,0.28,-0.07,-0.19,0.28,0.01
Unmethodical,,C,,,unmercen,0.38,-0.15,0.04,0.01,-0.14
Unmild,,,,,unmercif,-0.12,-0.14,0.19,0.13,0.03
Unmindful,,C,,,unmerry,0.07,-0.06,0.61,0.02,-0.14
Unmirthful,,E,,,unmethod,0.16,-0.43,-0.14,-0.06,0.04
Unmodifiable,,,,,unmild,-0.18,-0.21,-0.14,0.12,-0.27
Unmoralizing,,C,O,,unmindfu,-0.03,-0.32,-0.03,0.02,0.01
Unmovable,,,,,unmirthf,-0.02,0.02,0.3,0.01,0.08
Unneighborly,,E,,,unmodifi,-0.01,-0.03,0.01,0.18,-0.02
Unniggardly,,,,,unmorali,0.14,-0.35,0.21,0.09,-0.32
Unobliging,,,,,unmovabl,0.01,0.02,0.06,0.24,-0.13
Unobservant,,,,,unneighb,-0.17,-0.1,0.38,0.08,-0.11
Unobtrusive,,A,,,unniggar,0.21,-0.1,0.05,0.15,-0.08
Unoriginal,,O,,,unobligi,-0.11,-0.11,0.17,0.16,-0.03
Unostentatious,,A,E,,unobserv,0.2,-0.11,0.11,-0.1,0.15
Unoyful,,,,,unobtrus,0.37,-0.08,0.24,0.02,0.07
Unpardoning,,,,,unorigin,0.19,-0.12,0.18,-0.18,0.31
Unpartisan,,,,,unostent,0.33,-0.1,0.33,0.08,-0.1
Unpeaceable,,,,,unpardon,-0.14,-0.04,0.16,0.09,0.09
Unperceptive,,O,,,unpartis,0.22,-0.19,0.18,0.08,-0.16
Unpersonable,,E,,,unpeacea,-0.24,-0.13,0.1,-0.02,-0.02
Unpersuadable,,,,,unpercep,0.11,-0.08,0.23,-0.05,0.35
Unpersuasive,,E,,,unperson,0.02,-0.11,0.35,0.09,0.14
Unphilanthropic,,,,,unpersub,0.01,-0.01,0.05,0.24,-0.12
Unphilosophical,,O,,,unpersuv,0.21,-0.06,0.35,0.02,0.16
Unpitying,,N,,,unphilan,0.02,-0.11,0.19,0.1,0.22
Unpleasable,,,,,unphilos,0.14,0.02,0.13,0.07,0.47
Unpliable,,N,,,unpityin,-0.15,-0.22,0.19,0.39,-0.02
Unpoised,,C,,,unpleasa,-0.23,-0.05,0.29,0.12,-0.06
Unpolished,,C,,,unpliabl,0.01,0.03,0.15,0.32,-0.24
Unpolite,,C,,,unpoised,0.08,-0.44,0.24,-0.13,-0.04
Unpolitical,,,,,unpolish,0.12,-0.42,0.2,-0.07,-0.07
Unpreaching,,,,,unpolite,-0.12,-0.43,0.09,0.19,-0.1
Unpredictable,,,,,unpoliti,0.15,-0.14,0.09,-0.13,0.3
Unpresuming,,A,,,unpreach,0.23,-0.05,0.2,0.21,0.03
Unpretending,,,,,unpredic,-0.09,-0.23,-0.09,-0.11,-0.11
Unpretentious,,A,,,unpresum,0.34,-0.17,0.26,0.07,-0.12
Unprincipled,,C,,,unpretnd,0.24,0.09,0.1,0.11,-0.17
Unproductive,,C,,,unpretns,0.35,-0.14,0.22,0.01,-0.16
Unprogressive,,,,,unprinci,0.05,-0.43,0.06,0.14,0.02
Unprovincial,,,,,unproduc,0.11,-0.4,0.14,-0.01,0.19
Unpunctual,,C,,,unprogre,0.2,-0.18,0.18,-0.06,0.21
Unpurposed,,C,,,unprovin,0.28,-0.12,0.09,0.1,-0.18
Unquestioning,,O,,,unpunctu,0.13,-0.33,0.02,-0.02,-0.02
Unrealistic,,,,,unpurpos,0.1,-0.44,0.18,0.05,0.19
Unreasonable,,,,,unquesti,0.18,0.1,0.1,0,0.41
Unreasoning,,,,,unrealis,0.17,-0.29,-0.03,-0.26,0
Unreceptive,,,,,unreasnb,-0.17,-0.2,0.04,-0.2,-0.06
Unrefined,,C,,,unreasng,0.06,-0.23,-0.01,-0.16,0.24
Unreflective,,O,,,unrecept,-0.04,-0.14,0.19,-0.01,0.21
Unreined,,,,,unrefine,0.06,-0.41,0.13,0.02,-0.05
Unrelaxing,,N,,,unreflec,0.02,-0.02,-0.03,0.23,0.4
Unrelenting,,,,,unreined,-0.02,-0.23,-0.12,0.15,-0.15
Unreliable,,C,,,unrelaxi,-0.04,-0.01,0.23,-0.31,-0.05
Unreligious,,C,,,unrelent,-0.11,0,0.04,0.19,-0.17
Unrepressible,,O,,,unreliab,0.06,-0.51,0.01,0.04,0.06
Unreproachful,,,,,unreligi,-0.06,-0.3,0.17,0.15,-0.15
Unreserved,,E,,,unrepres,0.06,-0.2,-0.14,0.25,-0.34
Unrespectful,,C,O,,unreproa,0.32,-0.08,0.04,0.1,-0.11
Unresponsive,,E,,,unreserv,0.05,-0.26,-0.4,0.13,-0.12
Unresting,,,,,unrespec,-0.2,-0.37,0.05,0.2,-0.31
Unrestrainable,,,,,unrespon,0.01,-0.17,0.33,0.15,0.22
Unrestrained,,C,,,unrestin,-0.02,0,-0.02,0.07,-0.16
Unrevealing,,E,,,unrestrb,-0.1,-0.24,-0.17,0.15,-0.25
Unrevengeful,,A,,,unrestrn,-0.02,-0.31,-0.24,0.17,-0.14
Unromantic,,N,E,,unreveal,0.07,0,0.41,0.14,-0.02
Unrude,,A,,,unreveng,0.47,-0.02,-0.04,-0.01,0.03
Unruly,,,,,unromant,0.04,-0.21,0.31,0.4,0.09
Unsaintly,,,,,unrude,0.39,0.22,0.07,-0.05,0.04
Unsatisfiable,,,,,unruly,-0.26,-0.22,-0.16,0.05,-0.03
Unscholarly,,,,,unsaintl,0.06,-0.23,0.14,0.07,-0.14
Unschooled,,,,,unsatisf,-0.2,-0.16,0.15,-0.08,-0.19
Unscornful,,A,,,unscepti,0.35,-0.07,-0.14,-0.04,0.28
Unscrupulous,,,,,unschola,0.17,-0.32,0.05,0.03,0.21
Unsearching,,O,,,unschool,0.19,-0.21,0.07,0.05,-0.02
Unselfconscious,,N,E,,unscornf,0.44,-0.11,-0.08,0.15,0.06
Unselfish,,A,,,unscrupu,-0.05,-0.13,-0.07,0.04,0.12
Unsentimental,,N,,,unsearch,0.09,0.11,0.1,0.14,0.42
Unsevere,,A,,,unselfco,0.21,0.05,-0.3,0.32,-0.18
Unshakalile,,N,,,unselfis,0.35,0.27,-0.17,0.17,0.03
Unshrinking,,N,,,unsentim,0,-0.14,0.19,0.47,-0.03
Unshy,,E,,,unsevere,0.43,-0.14,0.08,0.12,0.04
Unskeptical,,A,,,unshakab,0.07,0.12,-0.02,0.42,-0.16
Unsly,,A,,,unshrink,0.11,0.05,-0.08,0.41,-0.26
Unsmiling,,E,,,unshy,0.06,-0.09,-0.51,0.22,-0.17
Unsociable,,E,,,unsly,0.44,-0.02,0.02,-0.05,-0.07
Unsocial,,E,,,unsmilin,-0.16,0.05,0.42,0.01,-0.11
Unsolemn,,,,,unsociab,-0.06,-0.17,0.56,0.03,-0.11
Unsolicitous,,,,,unsocial,0.07,-0.14,0.45,0.01,-0.17
Unsophisticated,,C,,,unsolemn,0.24,-0.21,-0.21,0.07,0.02
Unsparkling,,E,,,unsolici,0.12,0,0.1,0.14,-0.01
Unspeaking,,E,,,unsophis,0.24,-0.32,0.06,-0.07,0.01
Unspiritual,,,,,unsparkl,0.1,-0.09,0.6,0.06,0.03
Unspontaneous,,E,,,unspeaki,0.11,-0.03,0.5,0.05,0.13
Unsportsmanlike,,,,,unspirit,-0.04,-0.21,0.14,0.2,0.12
Unstable,,C,N,,unsponta,0.06,0.05,0.42,0.06,0.27
Unsteadfast,,C,,,unsports,-0.04,-0.14,0.18,-0.19,-0.01
Unstirrable,,N,,,unstable,0.01,-0.41,0.06,-0.35,-0.08
Unstormy,,A,,,unsteadf,0.04,-0.44,0.11,-0.26,0.06
Unstthduable,,,,,unstirra,0.15,-0.05,0.28,0.32,0.21
Unstudious,,C,,,unstormy,0.38,0.02,0.13,0.24,0.29
Unsubmissive,,N,,,unstudio,0.03,-0.47,0.06,0.08,0.18
Unsunny,,E,,,unsubdua,-0.09,-0.1,-0.08,0.31,-0.19
Unsure,,C,,,unsubmis,0.05,-0.07,-0.09,0.31,-0.29
Unsuspicious,,A,,,unsunny,0.04,0.02,0.52,0.05,-0.08
Unswayable,,N,,,unsure,0.11,-0.31,0.29,-0.43,0.13
Unswerving,,,,,unsuspic,0.46,-0.07,-0.18,0.07,0.03
Unsympathetic,,N,,,unswayab,0.07,0.25,-0.04,0.35,-0.18
Unsystematic,,C,,,unswervi,0.11,0.29,-0.01,0.22,-0.21
Untalkative,,E,,,unsympat,-0.18,-0.14,0.29,0.37,0
Untamable,,O,,,unsystem,0.17,-0.52,-0.1,-0.04,-0.01
Untasteful,,,,,untalkat,0.18,-0.01,0.63,0.02,0.1
Untaught,,,,,untamabl,-0.04,-0.21,-0.1,0.23,-0.39
Unteachable,,,,,untastef,0.05,-0.14,0.08,0.07,0.03
Untemptable,,,,,untaught,0.12,-0.2,0.06,-0.02,-0.06
Untender,,N,,,unteacha,0.04,-0.25,0.14,0.02,-0.05
Untheatrical,,,,,untempta,0.24,0.24,0.09,0.25,-0.07
Unthinking,,C,,,untender,-0.08,-0.16,0.25,0.37,0.12
Unthorough,,C,,,untheatr,0.18,0.11,0.28,0.08,0.11
Unthrifty,,,,,unthinki,0.11,-0.34,-0.05,-0.17,0.14
Untidy,,C,,,unthorou,0.17,-0.52,0.03,-0.04,0.18
Untiring,,N,,,unthrift,0.09,-0.28,0.01,-0.04,0
Untrained,,C,,,untidy,0.06,-0.49,0,0.02,-0.11
Untransparent,,,,,untiring,0.15,0.01,-0.06,0.32,-0.14
Untrustful,,,,,untraine,0.11,-0.36,0.16,0,-0.01
Untrustworthy,,C,,,untransp,0.07,-0.01,0.19,0.23,-0.06
Untruthful,,,,,untrustf,-0.03,-0.15,0.1,-0.05,-0.27
Untutored,,,,,untrustw,0.07,-0.31,0.01,-0.06,0.02
Unvacillating,,,,,untruthf,-0.07,-0.26,0.05,-0.07,0.08
Unvain,,,,,untutore,0.03,-0.16,-0.09,0.02,0.03
Unvaliant,,,,,unvacill,0.2,0.24,0.02,0.22,-0.2
Unvarying,,,,,unvain,0.29,0.06,0.11,0.13,-0.02
Unventurous,,E,,,unvalian,0.23,-0.17,0.21,-0.12,0.13
Unversed,,,,,unvaryin,0.21,0.23,0.17,0.21,0.11
Unvigilant,,,,,unventur,0.14,0.12,0.42,-0.25,0.23
Unvigorous,,,,,unversed,0.12,-0.19,0.17,-0.04,0.26
Unvindictive,,A,,,unvigila,0.09,-0.29,0.04,-0.11,0.17
Unvisioned,,,,,unvigoro,0.15,-0.01,0.14,-0.11,-0.02
Unvocal,,E,,,unvindic,0.54,-0.04,0.07,0.04,0
Unvoluptuous,,,,,unvision,0.2,-0.17,0.18,0.08,0.3
Unwarlike,,A,,,unvocal,0.24,0.05,0.52,0.08,0.22
Unwary,,,,,unvolupt,0.11,-0.07,0.22,0.08,-0.03
Unwasteful,,,,,unwarlik,0.47,0.08,0.09,0.01,0.16
Unwatchful,,,,,unwary,0.26,-0.08,-0.14,0.03,0.14
Unwavering,,N,,,unwastef,0.28,0.23,-0.01,0.14,0.02
Unwild,,E,,,unwatchf,0.11,-0.29,-0.09,-0.08,0.03
Unwiliful,,,,,unwaveri,0.14,0.23,-0.03,0.32,-0.06
Unwily,,A,,,unwild,0.4,0.17,0.35,0.06,0.09
Unwise,,C,,,unwillfu,0.27,-0.15,0.18,-0.04,0.15
Unwitty,,A,,,unwily,0.44,-0.11,0.08,-0.17,-0.03
Unworldly,,,,,unwise,0.18,-0.43,0,-0.28,-0.01
Unyielding,,,,,unwitty,0.33,-0.14,0.24,-0.16,0.12
Unzealous,,E,,,unworldl,0.2,-0.13,0.18,-0.17,0.04
Urbane,,C,,,unyieldi,-0.04,0.05,0.02,0.17,-0.23
Undiscourageable,,N,,,unzealou,0.14,-0.08,0.36,0.06,0.01
Undivertible,,,,,urbane,0.11,0.32,-0.02,-0.02,0.04
Vague,,C,,,vague,0.01,-0.32,0.19,-0.23,0.16
Vain,,,,,vain,-0.12,-0.1,-0.16,-0.15,0.02
Valiant,,,,,valiant,-0.11,0.15,-0.22,0.28,-0.11
Valorous,,,,,valorous,-0.15,0.2,-0.24,0.25,-0.07
Variable,,C,,,variable,0.01,-0.32,-0.02,-0.21,0.01
Vengeful,,A,,,vengeful,-0.53,-0.01,0.11,0.01,0.01
Venturesome,,N,,,ventures,0.05,-0.08,-0.28,0.36,-0.11
Venturous,,N,,,venturou,0.01,-0.05,-0.27,0.36,-0.06
Verbal,,E,,,verbal,-0.09,-0.04,-0.49,-0.03,-0.17
Verbose,,,,,verbose,-0.27,-0.01,-0.28,0.01,0.02
Versatile,,N,,,versatil,0.08,0.11,-0.15,0.33,-0.17
Vibrant,,E,,,vibrant,0.07,0.04,-0.55,0.03,-0.07
Vigorless,,E,,,vigorles,0.06,-0.05,0.37,-0.22,0.11
Vigorous,,E,N,,vigorous,0.01,0.1,-0.37,0.34,-0.08
Vindictive,,A,,,vindicti,-0.45,0.05,0.02,0.04,0.12
Violent,,A,,,violent,-0.41,-0.14,-0.01,0.05,-0.16
Virile,,N,,,virile,-0.25,-0.07,0.06,0.36,-0.08
Visionary,,,,,visionar,-0.15,0.11,-0.11,-0.04,-0.12
Vivacious,,E,,,vivaciou,0.17,0.01,-0.51,-0.08,-0.02
Vivid,,E,,,vivid,-0.02,0.04,-0.47,0.01,-0.18
Vocal,,E,,,vocal,-0.15,0,-0.56,-0.11,-0.16
Volatile,,,,,volatile,-0.24,-0.03,-0.19,-0.22,-0.1
Volcanic,,A,,,volcanic,-0.31,-0.05,-0.13,-0.18,-0.26
Voluptuous,,,,,voluptuo,0.02,0.08,-0.26,-0.06,0.03
Warlike,,A,,,warlike,-0.41,-0.02,-0.03,0.11,-0.15
Warm,,A,E,,warm,0.34,0.21,-0.32,-0.25,0
Warmhearted,,A,E,,warm_hea,0.39,0.19,-0.33,-0.22,0.07
Warmthless,,N,E,,warmthle,-0.08,-0.09,0.33,0.35,0.1
Wary,,,,,wary,-0.1,0.04,0.23,-0.04,-0.04
Wasteful,,,,,wasteful,-0.07,-0.27,0,-0.12,0.12
Weak-hearted,,N,,,weak_hea,0.08,-0.06,-0.02,-0.31,0.21
Weak-kneed,,N,,,weak_kne,0.06,-0.02,0.06,-0.43,0.01
Weak-spirited,,,,,weak_spi,0.1,-0.09,0.25,-0.19,0.28
Weariless,,N,,,weariles,0.03,0.04,-0.12,0.31,-0.01
Weepy,,N,,,weepy,0.05,0.08,0,-0.52,-0.05
Well-mannered,,C,,,well_man,0.23,0.45,0.04,-0.14,0.21
Well-read,,,,,well_rea,0.04,0.22,0,0.05,-0.29
Well-spoken,,,,,well_spo,0.09,0.27,-0.21,0.2,-0.11
Whimsical,,,,,whimsica,-0.02,-0.27,-0.24,-0.2,-0.16
Whiny,,N,,,whiny,-0.15,-0.04,0.01,-0.45,0.09
Wide-awake,,,,,wide_awa,0.14,0.19,-0.16,0.18,-0.16
Wild,,E,A,,wild,-0.32,-0.21,-0.35,0.1,-0.14
Willful,,,,,willful,-0.14,0.12,-0.19,0.04,-0.1
Wily,,A,,,wily,-0.4,0.01,-0.01,0.21,0.01
Wise,,C,,,wise,-0.01,0.37,-0.02,0.29,0.02
Wishful,,,,,wishful,-0.08,0.03,-0.02,-0.28,0.13
Wishy-washy,,,,,wishy_wa,0.03,-0.17,0.11,-0.29,0.16
Withdrawing,,E,,,withdraw,0.01,-0.05,0.62,-0.11,0.04
Withdrawn,,E,,,withdrwi,0.02,0.01,0.58,-0.24,-0.02
Witless,,,,,witless,0.28,-0.01,0.15,-0.13,0.24
Witty,,,,,witty,-0.14,0.07,-0.2,0.19,-0.15
Womanly,,N,A,,womanly,0.39,0.06,-0.17,-0.48,-0.1
Wordy,,E,,,wordly,-0.06,0.12,-0.17,0.17,-0.11
Worldly,,,,,wordly_w,-0.1,0.22,-0.03,0.19,-0.19
Worldly-minded,,,,,wordy,-0.14,-0.01,-0.35,-0.11,-0.05
Worldly-wise,,,,,world_we,-0.07,-0.02,0.21,-0.12,0.02
World-weary,,,,,worldly_,-0.04,0.1,-0.11,0.2,-0.1
Worriless,,N,,,worriles,0.21,0.06,-0.09,0.44,0.08
Worrying,,N,,,worrying,-0.08,-0.01,0.16,-0.51,-0.02
Worshipful,,,,,worshipf,0.05,0.26,-0.13,-0.14,0.13
Zany,,E,,,zany,-0.09,-0.27,-0.34,-0.05,-0.19
Zealless,,,,,zealless,-0.13,-0.12,0.21,-0.02,0.2
Zealous,,E,,,zealous,-0.01,0.11,-0.32,-0.04,-0.02
Zestful,,E,,,zestful,0.09,0.05,-0.45,0.08,-0.03